date,symbol,predicted_return,direction,confidence
2025-01-30,RELIANCE,0.0142419425590407,LONG,0.0142419425590407
2025-01-31,RELIANCE,0.008012690734727915,LONG,0.008012690734727915
2025-02-01,RELIANCE,-0.0008628895914806752,SHORT,0.0008628895914806752
2025-02-03,RELIANCE,-0.0022376959594664144,SHORT,0.0022376959594664144
2025-02-04,RELIANCE,0.028255467818116102,LONG,0.028255467818116102
2025-02-05,RELIANCE,-0.003268874520403393,SHORT,0.003268874520403393
2025-02-06,RELIANCE,0.0072062421261474986,LONG,0.0072062421261474986
2025-02-07,RELIANCE,-0.007749496244966427,SHORT,0.007749496244966427
2025-02-10,RELIANCE,-0.008362810077159883,SHORT,0.008362810077159883
2025-02-11,RELIANCE,-0.021285716518902754,SHORT,0.021285716518902754
2025-02-12,RELIANCE,-0.002557465334807722,SHORT,0.002557465334807722
2025-02-13,RELIANCE,-0.0011340569652113607,SHORT,0.0011340569652113607
2025-02-14,RELIANCE,-0.003133103603101846,SHORT,0.003133103603101846
2025-02-17,RELIANCE,0.011399108453714802,LONG,0.011399108453714802
2025-02-18,RELIANCE,-0.0006800620203279118,SHORT,0.0006800620203279118
2025-02-19,RELIANCE,0.00633292349506693,LONG,0.00633292349506693
2025-02-20,RELIANCE,0.006613995969640804,LONG,0.006613995969640804
2025-02-21,RELIANCE,-0.0013148737396844372,SHORT,0.0013148737396844372
2025-02-24,RELIANCE,-0.0014301527536276777,SHORT,0.0014301527536276777
2025-02-25,RELIANCE,-0.00777196782271975,SHORT,0.00777196782271975
2025-02-27,RELIANCE,-0.004296977818811533,SHORT,0.004296977818811533
2025-02-28,RELIANCE,-0.004561109127838825,SHORT,0.004561109127838825
2025-03-03,RELIANCE,-0.02482280146191877,SHORT,0.02482280146191877
2025-03-04,RELIANCE,-0.001935058086850034,SHORT,0.001935058086850034
2025-03-05,RELIANCE,0.013455474563591932,LONG,0.013455474563591932
2025-03-06,RELIANCE,0.012213877656282212,LONG,0.012213877656282212
2025-03-07,RELIANCE,0.024868209460621953,LONG,0.024868209460621953
2025-03-10,RELIANCE,-0.006328529846032503,SHORT,0.006328529846032503
2025-03-11,RELIANCE,0.005887892296374952,LONG,0.005887892296374952
2025-03-12,RELIANCE,-0.0011558431653908609,SHORT,0.0011558431653908609
2025-03-13,RELIANCE,-0.010336845033600538,SHORT,0.010336845033600538
2025-03-17,RELIANCE,-0.0007120070893799514,SHORT,0.0007120070893799514
2025-03-18,RELIANCE,-0.003559537783224747,SHORT,0.003559537783224747
2025-03-19,RELIANCE,0.005649297915275305,LONG,0.005649297915275305
2025-03-20,RELIANCE,0.012962600436245943,LONG,0.012962600436245943
2025-03-21,RELIANCE,0.0019759427634541095,LONG,0.0019759427634541095
2025-03-24,RELIANCE,0.009427151347911257,LONG,0.009427151347911257
2025-03-25,RELIANCE,-0.01689570412837572,SHORT,0.01689570412837572
2025-03-26,RELIANCE,-0.015363521538703436,SHORT,0.015363521538703436
2025-03-27,RELIANCE,0.0015131780180687828,LONG,0.0015131780180687828
2025-03-28,RELIANCE,-0.004649298373981928,SHORT,0.004649298373981928
2025-04-01,RELIANCE,-0.009193219115900833,SHORT,0.009193219115900833
2025-04-02,RELIANCE,0.0026509208415562914,LONG,0.0026509208415562914
2025-04-03,RELIANCE,0.012824695387506985,LONG,0.012824695387506985
2025-04-04,RELIANCE,-0.027691214034858413,SHORT,0.027691214034858413
2025-04-07,RELIANCE,0.02263706105799008,LONG,0.02263706105799008
2025-04-08,RELIANCE,0.007674418560796988,LONG,0.007674418560796988
2025-04-09,RELIANCE,0.013913316217268663,LONG,0.013913316217268663
2025-04-11,RELIANCE,0.01954173067875946,LONG,0.01954173067875946
2025-04-15,RELIANCE,-0.008277106408310942,SHORT,0.008277106408310942
2025-04-16,RELIANCE,0.003106694555166716,LONG,0.003106694555166716
2025-04-17,RELIANCE,0.0259959471319362,LONG,0.0259959471319362
2025-04-21,RELIANCE,0.019566813714961235,LONG,0.019566813714961235
2025-04-22,RELIANCE,-0.008638682138102155,SHORT,0.008638682138102155
2025-04-23,RELIANCE,-6.911908665974e-05,SHORT,6.911908665974e-05
2025-04-24,RELIANCE,0.008623135435265059,LONG,0.008623135435265059
2025-04-25,RELIANCE,-0.0019514766300306242,SHORT,0.0019514766300306242
2025-04-28,RELIANCE,0.02187598482153717,LONG,0.02187598482153717
2025-04-29,RELIANCE,0.020091565307704343,LONG,0.020091565307704343
2025-04-30,RELIANCE,-0.005482989255335293,SHORT,0.005482989255335293
2025-05-02,RELIANCE,0.006474150689734687,LONG,0.006474150689734687
2025-05-05,RELIANCE,-0.0008001728274506976,SHORT,0.0008001728274506976
2025-05-06,RELIANCE,-0.00895662981262387,SHORT,0.00895662981262387
2025-05-07,RELIANCE,-0.010731888914119232,SHORT,0.010731888914119232
2025-05-08,RELIANCE,-0.004336864928288085,SHORT,0.004336864928288085
2025-05-09,RELIANCE,-0.004255746064179369,SHORT,0.004255746064179369
2025-05-12,RELIANCE,0.02491498067964832,LONG,0.02491498067964832
2025-05-13,RELIANCE,-0.012237969695835717,SHORT,0.012237969695835717
2025-05-14,RELIANCE,0.0038812356413648478,LONG,0.0038812356413648478
2025-05-15,RELIANCE,0.020080011495351425,LONG,0.020080011495351425
2025-05-16,RELIANCE,0.0009049644716047805,LONG,0.0009049644716047805
2025-05-19,RELIANCE,-0.0070996822927397235,SHORT,0.0070996822927397235
2025-05-20,RELIANCE,-0.009506796740617576,SHORT,0.009506796740617576
2025-05-21,RELIANCE,0.002789741696863746,LONG,0.002789741696863746
2025-05-22,RELIANCE,-0.007231028822070537,SHORT,0.007231028822070537
2025-05-23,RELIANCE,0.013133418821884332,LONG,0.013133418821884332
2025-05-26,RELIANCE,0.0027103848159855167,LONG,0.0027103848159855167
2025-05-27,RELIANCE,-0.0020405446606455457,SHORT,0.0020405446606455457
2025-05-28,RELIANCE,-0.005616887078917744,SHORT,0.005616887078917744
2025-05-29,RELIANCE,0.004411741241800668,LONG,0.004411741241800668
2025-05-30,RELIANCE,-0.0005284546738074526,SHORT,0.0005284546738074526
2025-06-02,RELIANCE,0.0001623052955241959,LONG,0.0001623052955241959
2025-06-03,RELIANCE,-0.011993677875108045,SHORT,0.011993677875108045
2025-06-04,RELIANCE,0.004620814808387268,LONG,0.004620814808387268
2025-06-05,RELIANCE,0.010184596653521198,LONG,0.010184596653521198
2025-06-06,RELIANCE,0.0015249384850883566,LONG,0.0015249384850883566
2025-06-09,RELIANCE,-0.006597733232929067,SHORT,0.006597733232929067
2025-06-10,RELIANCE,-0.008758093844430881,SHORT,0.008758093844430881
2025-06-11,RELIANCE,0.0014246963534063442,LONG,0.0014246963534063442
2025-06-12,RELIANCE,-0.009627865501046976,SHORT,0.009627865501046976
2025-06-13,RELIANCE,0.0020578505825783683,LONG,0.0020578505825783683
2025-06-16,RELIANCE,0.00669963005288057,LONG,0.00669963005288057
2025-06-17,RELIANCE,-0.012430811718756223,SHORT,0.012430811718756223
2025-06-18,RELIANCE,-8.743255425763993e-05,SHORT,8.743255425763993e-05
2025-06-19,RELIANCE,-0.001822322456501452,SHORT,0.001822322456501452
2025-06-20,RELIANCE,0.022785185309878157,LONG,0.022785185309878157
2025-06-23,RELIANCE,0.002181204316838429,LONG,0.002181204316838429
2025-06-24,RELIANCE,-0.005064728406981151,SHORT,0.005064728406981151
2025-06-25,RELIANCE,0.002093493409813037,LONG,0.002093493409813037
2025-06-26,RELIANCE,0.01818268295409734,LONG,0.01818268295409734
2025-06-27,RELIANCE,0.009366792985613707,LONG,0.009366792985613707
2025-06-30,RELIANCE,-0.009220198366723359,SHORT,0.009220198366723359
2025-07-01,RELIANCE,0.017081022928808864,LONG,0.017081022928808864
2025-07-02,RELIANCE,-0.007284943709948489,SHORT,0.007284943709948489
2025-07-03,RELIANCE,-0.004054749447980994,SHORT,0.004054749447980994
2025-07-04,RELIANCE,0.002727043378546285,LONG,0.002727043378546285
2025-07-07,RELIANCE,0.008664633383325526,LONG,0.008664633383325526
2025-07-08,RELIANCE,0.001903746166669152,LONG,0.001903746166669152
2025-07-09,RELIANCE,-0.01077353606623484,SHORT,0.01077353606623484
2025-07-10,RELIANCE,-0.003064154047999078,SHORT,0.003064154047999078
2025-07-11,RELIANCE,-0.012385189299029294,SHORT,0.012385189299029294
2025-07-14,RELIANCE,-0.0037568912287113017,SHORT,0.0037568912287113017
2025-07-15,RELIANCE,0.0013189589772509085,LONG,0.0013189589772509085
2025-07-16,RELIANCE,0.008626031080268427,LONG,0.008626031080268427
2025-07-17,RELIANCE,-0.005518089962157872,SHORT,0.005518089962157872
2025-07-18,RELIANCE,-0.005604592256688347,SHORT,0.005604592256688347
2025-07-21,RELIANCE,-0.023789042431181445,SHORT,0.023789042431181445
2025-07-22,RELIANCE,-0.009481869572551285,SHORT,0.009481869572551285
2025-07-23,RELIANCE,-0.0012107439017291076,SHORT,0.0012107439017291076
2025-07-24,RELIANCE,-0.011886337297022499,SHORT,0.011886337297022499
2025-07-25,RELIANCE,-0.00611435818007757,SHORT,0.00611435818007757
2025-07-28,RELIANCE,-0.004033428009651256,SHORT,0.004033428009651256
2025-07-29,RELIANCE,0.025248174628647275,LONG,0.025248174628647275
2025-07-30,RELIANCE,-0.004827619985407829,SHORT,0.004827619985407829
2025-07-31,RELIANCE,0.001733219955078875,LONG,0.001733219955078875
2025-08-01,RELIANCE,0.005346088160750765,LONG,0.005346088160750765
2025-08-04,RELIANCE,0.010658523995888144,LONG,0.010658523995888144
2025-08-05,RELIANCE,-0.01449793541601201,SHORT,0.01449793541601201
2025-08-06,RELIANCE,0.0008866257819173396,LONG,0.0008866257819173396
2025-08-07,RELIANCE,0.0020890455331153976,LONG,0.0020890455331153976
2025-08-08,RELIANCE,-0.013738355547144036,SHORT,0.013738355547144036
2025-08-11,RELIANCE,0.01060930242848382,LONG,0.01060930242848382
2025-08-12,RELIANCE,-0.0013253022005398523,SHORT,0.0013253022005398523
2025-08-13,RELIANCE,-0.0029779976626835886,SHORT,0.0029779976626835886
2025-08-14,RELIANCE,-0.003530357222225277,SHORT,0.003530357222225277
2025-08-18,RELIANCE,-0.00468582589156362,SHORT,0.00468582589156362
2025-08-19,RELIANCE,0.021738992844715668,LONG,0.021738992844715668
2025-08-20,RELIANCE,-0.0010226471000615103,SHORT,0.0010226471000615103
2025-08-21,RELIANCE,-0.0004909587572975035,SHORT,0.0004909587572975035
2025-08-22,RELIANCE,-0.006916090242673671,SHORT,0.006916090242673671
2025-08-25,RELIANCE,-0.0009949954649144225,SHORT,0.0009949954649144225
2025-08-26,RELIANCE,-0.017130463317555796,SHORT,0.017130463317555796
2025-08-28,RELIANCE,0.000657940768301617,LONG,0.000657940768301617
2025-08-29,RELIANCE,-0.02024230029480136,SHORT,0.02024230029480136
2025-09-01,RELIANCE,-0.000983276173112308,SHORT,0.000983276173112308
2025-09-02,RELIANCE,0.008732955015001907,LONG,0.008732955015001907
2025-09-03,RELIANCE,0.0020280825270621353,LONG,0.0020280825270621353
2025-09-04,RELIANCE,-0.009557979561871885,SHORT,0.009557979561871885
2025-09-05,RELIANCE,0.009694979295701515,LONG,0.009694979295701515
2025-09-08,RELIANCE,-0.0007391324153653986,SHORT,0.0007391324153653986
2025-09-09,RELIANCE,8.851222503334907e-05,LONG,8.851222503334907e-05
2025-09-10,RELIANCE,-0.004501566093831251,SHORT,0.004501566093831251
2025-09-11,RELIANCE,0.004240697742732596,LONG,0.004240697742732596
2025-09-12,RELIANCE,0.0084712820434731,LONG,0.0084712820434731
2025-09-15,RELIANCE,0.004545020497770015,LONG,0.004545020497770015
2025-09-16,RELIANCE,0.0010418794448401904,LONG,0.0010418794448401904
2025-09-17,RELIANCE,0.004297284071220372,LONG,0.004297284071220372
2025-09-18,RELIANCE,-0.003788164455496393,SHORT,0.003788164455496393
2025-09-19,RELIANCE,-0.00482944741207087,SHORT,0.00482944741207087
2025-09-22,RELIANCE,-0.009356362533333327,SHORT,0.009356362533333327
2025-09-23,RELIANCE,-0.0004137995589304093,SHORT,0.0004137995589304093
2025-09-24,RELIANCE,-0.0032697115737843336,SHORT,0.0032697115737843336
2025-09-25,RELIANCE,-0.00431442221247929,SHORT,0.00431442221247929
2025-09-26,RELIANCE,0.005150280254747747,LONG,0.005150280254747747
2025-09-29,RELIANCE,-0.0036322400153276937,SHORT,0.0036322400153276937
2025-09-30,RELIANCE,-0.009401393346609598,SHORT,0.009401393346609598
2025-10-01,RELIANCE,0.0019476535269222443,LONG,0.0019476535269222443
2025-10-03,RELIANCE,0.00030212816005192693,LONG,0.00030212816005192693
2025-10-06,RELIANCE,0.010767381388134763,LONG,0.010767381388134763
2025-10-07,RELIANCE,0.006155839664479528,LONG,0.006155839664479528
2025-10-08,RELIANCE,-0.012301646945361509,SHORT,0.012301646945361509
2025-10-09,RELIANCE,0.001738461954820208,LONG,0.001738461954820208
2025-10-10,RELIANCE,0.002340956798678738,LONG,0.002340956798678738
2025-10-13,RELIANCE,-0.0008994481312449748,SHORT,0.0008994481312449748
2025-10-14,RELIANCE,-0.0034231581627353564,SHORT,0.0034231581627353564
2025-10-15,RELIANCE,-0.005749672789489124,SHORT,0.005749672789489124
2025-10-16,RELIANCE,0.016682948485203623,LONG,0.016682948485203623
2025-10-17,RELIANCE,0.013668449712574929,LONG,0.013668449712574929
2025-10-20,RELIANCE,0.02105673494851482,LONG,0.02105673494851482
2025-10-21,RELIANCE,-0.004772557378559693,SHORT,0.004772557378559693
2025-10-23,RELIANCE,-0.01894461984968002,SHORT,0.01894461984968002
2025-10-24,RELIANCE,0.0009709908209561834,LONG,0.0009709908209561834
2025-10-27,RELIANCE,0.013678334581952221,LONG,0.013678334581952221
2025-10-28,RELIANCE,0.004721572993702333,LONG,0.004721572993702333
2025-10-29,RELIANCE,0.008967020943310297,LONG,0.008967020943310297
2025-10-30,RELIANCE,-0.006794076360465263,SHORT,0.006794076360465263
2025-10-31,RELIANCE,-0.0020609375613130604,SHORT,0.0020609375613130604
2025-11-03,RELIANCE,0.0008720644082966502,LONG,0.0008720644082966502
2025-11-04,RELIANCE,-0.008279847054083127,SHORT,0.008279847054083127
2025-11-06,RELIANCE,0.007206403995517069,LONG,0.007206403995517069
2025-11-07,RELIANCE,-0.009315861309643774,SHORT,0.009315861309643774
2025-11-10,RELIANCE,0.007914333911191698,LONG,0.007914333911191698
2025-11-11,RELIANCE,-0.0023209122929666063,SHORT,0.0023209122929666063
2025-11-12,RELIANCE,0.0047107183968283966,LONG,0.0047107183968283966
2025-11-13,RELIANCE,-0.0019954175100553384,SHORT,0.0019954175100553384
2025-11-14,RELIANCE,0.008263502499681554,LONG,0.008263502499681554
2025-11-17,RELIANCE,-0.001727132480947488,SHORT,0.001727132480947488
2025-11-18,RELIANCE,-0.00105312173471248,SHORT,0.00105312173471248
2025-11-19,RELIANCE,0.0008249347628151255,LONG,0.0008249347628151255
2025-11-20,RELIANCE,0.012964602311523136,LONG,0.012964602311523136
2025-11-21,RELIANCE,0.0019825906165748587,LONG,0.0019825906165748587
2025-11-24,RELIANCE,-0.009140839023725523,SHORT,0.009140839023725523
2025-11-25,RELIANCE,0.002814218224680519,LONG,0.002814218224680519
2025-11-26,RELIANCE,0.017585736632321797,LONG,0.017585736632321797
2025-11-27,RELIANCE,-0.006254579924208332,SHORT,0.006254579924208332
2025-11-28,RELIANCE,0.00029913833975298644,LONG,0.00029913833975298644
2025-12-01,RELIANCE,-0.0059322162154913155,SHORT,0.0059322162154913155
2025-12-02,RELIANCE,-0.007657577049445557,SHORT,0.007657577049445557
2025-12-03,RELIANCE,-0.0039302484486588565,SHORT,0.0039302484486588565
2025-12-04,RELIANCE,-0.006441399281844624,SHORT,0.006441399281844624
2025-12-05,RELIANCE,0.009809680002730288,LONG,0.009809680002730288
2025-12-08,RELIANCE,-0.000784595780354,SHORT,0.000784595780354
2025-12-09,RELIANCE,-0.005542680355417852,SHORT,0.005542680355417852
2025-12-10,RELIANCE,-0.00026673479935521545,SHORT,0.00026673479935521545
2025-12-11,RELIANCE,0.005275963365675588,LONG,0.005275963365675588
2025-12-12,RELIANCE,0.0023141402632936665,LONG,0.0023141402632936665
2025-12-15,RELIANCE,0.0033286422120821523,LONG,0.0033286422120821523
2025-12-16,RELIANCE,-0.0023462630793976503,SHORT,0.0023462630793976503
2025-12-17,RELIANCE,-0.002486464182614227,SHORT,0.002486464182614227
2025-12-18,RELIANCE,0.005016283497911339,LONG,0.005016283497911339
2025-12-19,RELIANCE,0.007143431722362279,LONG,0.007143431722362279
2025-12-22,RELIANCE,0.0022254692782169,LONG,0.0022254692782169
2025-12-23,RELIANCE,-0.007698007983208344,SHORT,0.007698007983208344
2025-12-24,RELIANCE,-0.007526174147925384,SHORT,0.007526174147925384
2025-12-26,RELIANCE,0.003885101651684993,LONG,0.003885101651684993
2025-12-29,RELIANCE,-0.004888267060312109,SHORT,0.004888267060312109
2025-12-30,RELIANCE,-0.004077146004805179,SHORT,0.004077146004805179
2025-01-30,TCS,0.002005315787743946,LONG,0.002005315787743946
2025-01-31,TCS,0.0012752653103866682,LONG,0.0012752653103866682
2025-02-01,TCS,-0.00941044108573659,SHORT,0.00941044108573659
2025-02-03,TCS,0.008047356598130526,LONG,0.008047356598130526
2025-02-04,TCS,0.004893362363407837,LONG,0.004893362363407837
2025-02-05,TCS,-0.015798765553197272,SHORT,0.015798765553197272
2025-02-06,TCS,-0.004262917475488702,SHORT,0.004262917475488702
2025-02-07,TCS,-0.014221740002467924,SHORT,0.014221740002467924
2025-02-10,TCS,-0.0018412684022593132,SHORT,0.0018412684022593132
2025-02-11,TCS,-0.012708287117588108,SHORT,0.012708287117588108
2025-02-12,TCS,-0.0035329320401931742,SHORT,0.0035329320401931742
2025-02-13,TCS,-0.011691472456922689,SHORT,0.011691472456922689
2025-02-14,TCS,0.0011551883317199984,LONG,0.0011551883317199984
2025-02-17,TCS,0.012938289402451762,LONG,0.012938289402451762
2025-02-18,TCS,-0.006730046235110277,SHORT,0.006730046235110277
2025-02-19,TCS,-0.022256177101810277,SHORT,0.022256177101810277
2025-02-20,TCS,0.006316945529701748,LONG,0.006316945529701748
2025-02-21,TCS,0.0033583359961969097,LONG,0.0033583359961969097
2025-02-24,TCS,-0.018594212866358806,SHORT,0.018594212866358806
2025-02-25,TCS,0.0003860919533676369,LONG,0.0003860919533676369
2025-02-27,TCS,-0.0012569814994260057,SHORT,0.0012569814994260057
2025-02-28,TCS,-0.029473083341319366,SHORT,0.029473083341319366
2025-03-03,TCS,0.005869743673348812,LONG,0.005869743673348812
2025-03-04,TCS,0.016072484613727997,LONG,0.016072484613727997
2025-03-05,TCS,0.009379330174179731,LONG,0.009379330174179731
2025-03-06,TCS,0.011122139969920643,LONG,0.011122139969920643
2025-03-07,TCS,0.0007665530049891847,LONG,0.0007665530049891847
2025-03-10,TCS,-0.004742521651642324,SHORT,0.004742521651642324
2025-03-11,TCS,0.00794986198070296,LONG,0.00794986198070296
2025-03-12,TCS,-0.015432704040169753,SHORT,0.015432704040169753
2025-03-13,TCS,0.00172073181180997,LONG,0.00172073181180997
2025-03-17,TCS,0.002810336322445757,LONG,0.002810336322445757
2025-03-18,TCS,0.01260544002581653,LONG,0.01260544002581653
2025-03-19,TCS,-0.012024637818341628,SHORT,0.012024637818341628
2025-03-20,TCS,0.012322553433410939,LONG,0.012322553433410939
2025-03-21,TCS,0.02695856912034221,LONG,0.02695856912034221
2025-03-24,TCS,0.008684468062782792,LONG,0.008684468062782792
2025-03-25,TCS,-0.001253106322286219,SHORT,0.001253106322286219
2025-03-26,TCS,-0.00486448430719421,SHORT,0.00486448430719421
2025-03-27,TCS,0.008219937909057267,LONG,0.008219937909057267
2025-03-28,TCS,-0.012735608901191402,SHORT,0.012735608901191402
2025-04-01,TCS,-0.004504017863820034,SHORT,0.004504017863820034
2025-04-02,TCS,-0.0012258457558654685,SHORT,0.0012258457558654685
2025-04-03,TCS,-0.02490022549687294,SHORT,0.02490022549687294
2025-04-04,TCS,-0.01789110070580576,SHORT,0.01789110070580576
2025-04-07,TCS,0.03724336278940652,LONG,0.03724336278940652
2025-04-08,TCS,-0.003004493458789993,SHORT,0.003004493458789993
2025-04-09,TCS,-0.0071085334731908435,SHORT,0.0071085334731908435
2025-04-11,TCS,-0.015257347349148074,SHORT,0.015257347349148074
2025-04-15,TCS,-0.016617519790865898,SHORT,0.016617519790865898
2025-04-16,TCS,0.007781108270215746,LONG,0.007781108270215746
2025-04-17,TCS,0.01604154985667292,LONG,0.01604154985667292
2025-04-21,TCS,0.008706258584634153,LONG,0.008706258584634153
2025-04-22,TCS,-0.0030756216123032196,SHORT,0.0030756216123032196
2025-04-23,TCS,0.011512690430814033,LONG,0.011512690430814033
2025-04-24,TCS,0.001388517941933908,LONG,0.001388517941933908
2025-04-25,TCS,0.004130389845338546,LONG,0.004130389845338546
2025-04-28,TCS,0.0019371829815856818,LONG,0.0019371829815856818
2025-04-29,TCS,0.002389020483255272,LONG,0.002389020483255272
2025-04-30,TCS,-0.01183373164941812,SHORT,0.01183373164941812
2025-05-02,TCS,-0.009876321583303113,SHORT,0.009876321583303113
2025-05-05,TCS,0.0013826633847382477,LONG,0.0013826633847382477
2025-05-06,TCS,-0.0023429470223843723,SHORT,0.0023429470223843723
2025-05-07,TCS,0.00796519880703658,LONG,0.00796519880703658
2025-05-08,TCS,-0.0052170258827908276,SHORT,0.0052170258827908276
2025-05-09,TCS,0.012157861617694502,LONG,0.012157861617694502
2025-05-12,TCS,0.03274554105079274,LONG,0.03274554105079274
2025-05-13,TCS,-0.03058422373848389,SHORT,0.03058422373848389
2025-05-14,TCS,0.007346367165167441,LONG,0.007346367165167441
2025-05-15,TCS,0.004610428256520787,LONG,0.004610428256520787
2025-05-16,TCS,-0.009348971979858282,SHORT,0.009348971979858282
2025-05-19,TCS,-0.008898845612065658,SHORT,0.008898845612065658
2025-05-20,TCS,-0.008225814700156013,SHORT,0.008225814700156013
2025-05-21,TCS,0.0037477767079936554,LONG,0.0037477767079936554
2025-05-22,TCS,-0.002911785919590653,SHORT,0.002911785919590653
2025-05-23,TCS,0.008204881708407488,LONG,0.008204881708407488
2025-05-26,TCS,0.004582421921645442,LONG,0.004582421921645442
2025-05-27,TCS,-0.008807547174274002,SHORT,0.008807547174274002
2025-05-28,TCS,-0.0057725573825212475,SHORT,0.0057725573825212475
2025-05-29,TCS,-0.0026443488609499658,SHORT,0.0026443488609499658
2025-05-30,TCS,-0.009083337438468815,SHORT,0.009083337438468815
2025-06-02,TCS,-0.001573616299366021,SHORT,0.001573616299366021
2025-06-03,TCS,-0.010113906771386775,SHORT,0.010113906771386775
2025-06-04,TCS,-0.0026652419555688667,SHORT,0.0026652419555688667
2025-06-05,TCS,-0.009839437506924717,SHORT,0.009839437506924717
2025-06-06,TCS,0.005174135681309432,LONG,0.005174135681309432
2025-06-09,TCS,0.006502438880649169,LONG,0.006502438880649169
2025-06-10,TCS,0.006241340688661278,LONG,0.006241340688661278
2025-06-11,TCS,0.00013942191772524777,LONG,0.00013942191772524777
2025-06-12,TCS,-0.011224777992023292,SHORT,0.011224777992023292
2025-06-13,TCS,0.01599259707967895,LONG,0.01599259707967895
2025-06-16,TCS,0.01634871495954639,LONG,0.01634871495954639
2025-06-17,TCS,0.0005798286480662691,LONG,0.0005798286480662691
2025-06-18,TCS,-0.01813032940519522,SHORT,0.01813032940519522
2025-06-19,TCS,-0.008250658781448816,SHORT,0.008250658781448816
2025-06-20,TCS,0.0010534635990563717,LONG,0.0010534635990563717
2025-06-23,TCS,-0.0069618250027586185,SHORT,0.0069618250027586185
2025-06-24,TCS,-0.01268590856772133,SHORT,0.01268590856772133
2025-06-25,TCS,0.01067497747554316,LONG,0.01067497747554316
2025-06-26,TCS,-0.0004222112562214088,SHORT,0.0004222112562214088
2025-06-27,TCS,-0.003015910948391185,SHORT,0.003015910948391185
2025-06-30,TCS,0.005719016394034121,LONG,0.005719016394034121
2025-07-01,TCS,-0.007237676545453445,SHORT,0.007237676545453445
2025-07-02,TCS,-0.0186433000349162,SHORT,0.0186433000349162
2025-07-03,TCS,-0.008766667904255654,SHORT,0.008766667904255654
2025-07-04,TCS,0.0034924239421977817,LONG,0.0034924239421977817
2025-07-07,TCS,-0.0025074112057499437,SHORT,0.0025074112057499437
2025-07-08,TCS,-0.00045905413494744566,SHORT,0.00045905413494744566
2025-07-09,TCS,-0.007022262570448015,SHORT,0.007022262570448015
2025-07-10,TCS,0.0051178660482767814,LONG,0.0051178660482767814
2025-07-11,TCS,-0.01063609128918724,SHORT,0.01063609128918724
2025-07-14,TCS,-0.011549583038759793,SHORT,0.011549583038759793
2025-07-15,TCS,0.01441480711602235,LONG,0.01441480711602235
2025-07-16,TCS,0.0002664410125226323,LONG,0.0002664410125226323
2025-07-17,TCS,-0.005265926512131851,SHORT,0.005265926512131851
2025-07-18,TCS,-0.010715496969741525,SHORT,0.010715496969741525
2025-07-21,TCS,-0.009955621621218042,SHORT,0.009955621621218042
2025-07-22,TCS,0.0015101972601904699,LONG,0.0015101972601904699
2025-07-23,TCS,0.004832368782593091,LONG,0.004832368782593091
2025-07-24,TCS,-0.006600882573785377,SHORT,0.006600882573785377
2025-07-25,TCS,-0.00042674878758430475,SHORT,0.00042674878758430475
2025-07-28,TCS,-0.007177130786051966,SHORT,0.007177130786051966
2025-07-29,TCS,-0.0013785527007229524,SHORT,0.0013785527007229524
2025-07-30,TCS,-0.002696906373795645,SHORT,0.002696906373795645
2025-07-31,TCS,-0.0026336809879859502,SHORT,0.0026336809879859502
2025-08-01,TCS,-0.009704293306071551,SHORT,0.009704293306071551
2025-08-04,TCS,0.02270395042043598,LONG,0.02270395042043598
2025-08-05,TCS,-0.0047811642636321474,SHORT,0.0047811642636321474
2025-08-06,TCS,-0.01022897546624574,SHORT,0.01022897546624574
2025-08-07,TCS,0.010708997159820443,LONG,0.010708997159820443
2025-08-08,TCS,-0.0051012454336159295,SHORT,0.0051012454336159295
2025-08-11,TCS,0.0020008608851781948,LONG,0.0020008608851781948
2025-08-12,TCS,-0.0003489743736334414,SHORT,0.0003489743736334414
2025-08-13,TCS,-0.0004784678121639814,SHORT,0.0004784678121639814
2025-08-14,TCS,-0.003984283126230705,SHORT,0.003984283126230705
2025-08-18,TCS,-0.010995973872262681,SHORT,0.010995973872262681
2025-08-19,TCS,0.002205716392083742,LONG,0.002205716392083742
2025-08-20,TCS,0.026911032719930155,LONG,0.026911032719930155
2025-08-21,TCS,-0.009692306464200225,SHORT,0.009692306464200225
2025-08-22,TCS,-0.011288958427291338,SHORT,0.011288958427291338
2025-08-25,TCS,0.017251732307208584,LONG,0.017251732307208584
2025-08-26,TCS,0.00933559321024362,LONG,0.00933559321024362
2025-08-28,TCS,-0.015709197338483697,SHORT,0.015709197338483697
2025-08-29,TCS,-0.002844265454372193,SHORT,0.002844265454372193
2025-09-01,TCS,0.006768090193074608,LONG,0.006768090193074608
2025-09-02,TCS,-0.0029914783982403154,SHORT,0.0029914783982403154
2025-09-03,TCS,-0.009285001551544004,SHORT,0.009285001551544004
2025-09-04,TCS,-0.006489896309663096,SHORT,0.006489896309663096
2025-09-05,TCS,-0.01612712283255008,SHORT,0.01612712283255008
2025-09-08,TCS,-0.009095523570032921,SHORT,0.009095523570032921
2025-09-09,TCS,0.0067423699349776324,LONG,0.0067423699349776324
2025-09-10,TCS,0.017332340865016126,LONG,0.017332340865016126
2025-09-11,TCS,-0.004189003384312522,SHORT,0.004189003384312522
2025-09-12,TCS,-0.0034450630048894213,SHORT,0.0034450630048894213
2025-09-15,TCS,-0.006863792601865525,SHORT,0.006863792601865525
2025-09-16,TCS,0.006569489767098546,LONG,0.006569489767098546
2025-09-17,TCS,0.0073777789295659665,LONG,0.0073777789295659665
2025-09-18,TCS,-0.002559446691127068,SHORT,0.002559446691127068
2025-09-19,TCS,0.0008452892704667199,LONG,0.0008452892704667199
2025-09-22,TCS,-0.007307374804305271,SHORT,0.007307374804305271
2025-09-23,TCS,-0.0018079491602959908,SHORT,0.0018079491602959908
2025-09-24,TCS,-0.004922907090951968,SHORT,0.004922907090951968
2025-09-25,TCS,-0.02184816978068938,SHORT,0.02184816978068938
2025-09-26,TCS,-0.012562860858760376,SHORT,0.012562860858760376
2025-09-29,TCS,-0.0038460027864750915,SHORT,0.0038460027864750915
2025-09-30,TCS,-0.005832374943006756,SHORT,0.005832374943006756
2025-10-01,TCS,0.008567772580129532,LONG,0.008567772580129532
2025-10-03,TCS,-0.007381237462216805,SHORT,0.007381237462216805
2025-10-06,TCS,0.029584318580249517,LONG,0.029584318580249517
2025-10-07,TCS,-0.006899053756437775,SHORT,0.006899053756437775
2025-10-08,TCS,0.01886148979503795,LONG,0.01886148979503795
2025-10-09,TCS,0.008480819606453126,LONG,0.008480819606453126
2025-10-10,TCS,-0.006525334377699442,SHORT,0.006525334377699442
2025-10-13,TCS,-0.007158285412437757,SHORT,0.007158285412437757
2025-10-14,TCS,-0.019515753351125303,SHORT,0.019515753351125303
2025-10-15,TCS,-0.00039121491222674534,SHORT,0.00039121491222674534
2025-10-16,TCS,0.0005452525429824754,LONG,0.0005452525429824754
2025-10-17,TCS,-0.0022444519624508015,SHORT,0.0022444519624508015
2025-10-20,TCS,0.010284101548280602,LONG,0.010284101548280602
2025-10-21,TCS,-0.01039992862184381,SHORT,0.01039992862184381
2025-10-23,TCS,0.005615740744971198,LONG,0.005615740744971198
2025-10-24,TCS,-0.006308497754597661,SHORT,0.006308497754597661
2025-10-27,TCS,0.005480365392724646,LONG,0.005480365392724646
2025-10-28,TCS,-0.0046805182594083835,SHORT,0.0046805182594083835
2025-10-29,TCS,0.0009136475926524907,LONG,0.0009136475926524907
2025-10-30,TCS,-0.004736760477153612,SHORT,0.004736760477153612
2025-10-31,TCS,0.00814277332936619,LONG,0.00814277332936619
2025-11-03,TCS,-0.008809313384852368,SHORT,0.008809313384852368
2025-11-04,TCS,-0.010604707452199956,SHORT,0.010604707452199956
2025-11-06,TCS,0.006381133573809985,LONG,0.006381133573809985
2025-11-07,TCS,-0.00220823492847722,SHORT,0.00220823492847722
2025-11-10,TCS,0.010741976605188433,LONG,0.010741976605188433
2025-11-11,TCS,0.0015210011353197304,LONG,0.0015210011353197304
2025-11-12,TCS,0.021365487612792628,LONG,0.021365487612792628
2025-11-13,TCS,-0.008435144758023731,SHORT,0.008435144758023731
2025-11-14,TCS,0.006782813703182415,LONG,0.006782813703182415
2025-11-17,TCS,-0.0019592642508467852,SHORT,0.0019592642508467852
2025-11-18,TCS,-0.007424329335111819,SHORT,0.007424329335111819
2025-11-19,TCS,0.016428668367516237,LONG,0.016428668367516237
2025-11-20,TCS,0.0006247847576962124,LONG,0.0006247847576962124
2025-11-21,TCS,0.002008544186804036,LONG,0.002008544186804036
2025-11-24,TCS,-0.006538664716027101,SHORT,0.006538664716027101
2025-11-25,TCS,-0.00893724598777366,SHORT,0.00893724598777366
2025-11-26,TCS,0.013839393454123012,LONG,0.013839393454123012
2025-11-27,TCS,-0.014192584792261846,SHORT,0.014192584792261846
2025-11-28,TCS,-0.0014468150726979964,SHORT,0.0014468150726979964
2025-12-01,TCS,-0.0010762300954287724,SHORT,0.0010762300954287724
2025-12-02,TCS,0.0016269639851882592,LONG,0.0016269639851882592
2025-12-03,TCS,0.012905783736818359,LONG,0.012905783736818359
2025-12-04,TCS,0.0108866743739809,LONG,0.0108866743739809
2025-12-05,TCS,0.003522511816968576,LONG,0.003522511816968576
2025-12-08,TCS,-0.0015735117679621542,SHORT,0.0015735117679621542
2025-12-09,TCS,-0.00719562967189686,SHORT,0.00719562967189686
2025-12-10,TCS,-0.012605937440063384,SHORT,0.012605937440063384
2025-12-11,TCS,-0.0034656583344431385,SHORT,0.0034656583344431385
2025-12-12,TCS,0.007091499929360282,LONG,0.007091499929360282
2025-12-15,TCS,0.005092713907803541,LONG,0.005092713907803541
2025-12-16,TCS,-0.003791204343763748,SHORT,0.003791204343763748
2025-12-17,TCS,0.0049227729789704175,LONG,0.0049227729789704175
2025-12-18,TCS,0.016552975811463033,LONG,0.016552975811463033
2025-12-19,TCS,-0.0035723987701802903,SHORT,0.0035723987701802903
2025-12-22,TCS,0.005309698322269088,LONG,0.005309698322269088
2025-12-23,TCS,-0.004668135980918132,SHORT,0.004668135980918132
2025-12-24,TCS,0.002666095958355951,LONG,0.002666095958355951
2025-12-26,TCS,-0.01062143319174306,SHORT,0.01062143319174306
2025-12-29,TCS,-0.007585738503717918,SHORT,0.007585738503717918
2025-12-30,TCS,0.0013478921884835335,LONG,0.0013478921884835335
2025-01-30,HDFCBANK,0.007847625609376763,LONG,0.007847625609376763
2025-01-31,HDFCBANK,0.0074299986568677374,LONG,0.0074299986568677374
2025-02-01,HDFCBANK,-0.0032614447553266654,SHORT,0.0032614447553266654
2025-02-03,HDFCBANK,0.005885610276912121,LONG,0.005885610276912121
2025-02-04,HDFCBANK,0.01610577265243006,LONG,0.01610577265243006
2025-02-05,HDFCBANK,0.0013379858573334487,LONG,0.0013379858573334487
2025-02-06,HDFCBANK,0.00628456866712213,LONG,0.00628456866712213
2025-02-07,HDFCBANK,-0.010451413388409938,SHORT,0.010451413388409938
2025-02-10,HDFCBANK,-0.0003849886615977241,SHORT,0.0003849886615977241
2025-02-11,HDFCBANK,-0.0013736926978330291,SHORT,0.0013736926978330291
2025-02-12,HDFCBANK,0.010406738977417283,LONG,0.010406738977417283
2025-02-13,HDFCBANK,-0.0008017258919583482,SHORT,0.0008017258919583482
2025-02-14,HDFCBANK,-0.00407617861989222,SHORT,0.00407617861989222
2025-02-17,HDFCBANK,0.018148119553212976,LONG,0.018148119553212976
2025-02-18,HDFCBANK,0.005642315178644672,LONG,0.005642315178644672
2025-02-19,HDFCBANK,0.00388833603320719,LONG,0.00388833603320719
2025-02-20,HDFCBANK,-0.014398699461457906,SHORT,0.014398699461457906
2025-02-21,HDFCBANK,0.005458356511717696,LONG,0.005458356511717696
2025-02-24,HDFCBANK,-0.0022701414944715555,SHORT,0.0022701414944715555
2025-02-25,HDFCBANK,0.005513255124837672,LONG,0.005513255124837672
2025-02-27,HDFCBANK,0.008660775663736284,LONG,0.008660775663736284
2025-02-28,HDFCBANK,0.026990659394126777,LONG,0.026990659394126777
2025-03-03,HDFCBANK,-0.0206060749233079,SHORT,0.0206060749233079
2025-03-04,HDFCBANK,0.008108648646496117,LONG,0.008108648646496117
2025-03-05,HDFCBANK,-0.006256144735004638,SHORT,0.006256144735004638
2025-03-06,HDFCBANK,0.002976476382516623,LONG,0.002976476382516623
2025-03-07,HDFCBANK,0.001887178067453949,LONG,0.001887178067453949
2025-03-10,HDFCBANK,-3.91560111240153e-05,SHORT,3.91560111240153e-05
2025-03-11,HDFCBANK,0.0032205058621242975,LONG,0.0032205058621242975
2025-03-12,HDFCBANK,0.011761869127286285,LONG,0.011761869127286285
2025-03-13,HDFCBANK,-0.006573812580924997,SHORT,0.006573812580924997
2025-03-17,HDFCBANK,0.00321198211643072,LONG,0.00321198211643072
2025-03-18,HDFCBANK,0.005116400629161009,LONG,0.005116400629161009
2025-03-19,HDFCBANK,0.0051689828056919965,LONG,0.0051689828056919965
2025-03-20,HDFCBANK,0.007814245644473253,LONG,0.007814245644473253
2025-03-21,HDFCBANK,0.009761392374324527,LONG,0.009761392374324527
2025-03-24,HDFCBANK,0.013461662997468853,LONG,0.013461662997468853
2025-03-25,HDFCBANK,0.005969623587062816,LONG,0.005969623587062816
2025-03-26,HDFCBANK,-0.011543351984011676,SHORT,0.011543351984011676
2025-03-27,HDFCBANK,0.011767487963632233,LONG,0.011767487963632233
2025-03-28,HDFCBANK,-0.0015050306792150565,SHORT,0.0015050306792150565
2025-04-01,HDFCBANK,-0.016779811903705342,SHORT,0.016779811903705342
2025-04-02,HDFCBANK,0.015301954644275188,LONG,0.015301954644275188
2025-04-03,HDFCBANK,0.006855133780129477,LONG,0.006855133780129477
2025-04-04,HDFCBANK,0.0015092060139085825,LONG,0.0015092060139085825
2025-04-07,HDFCBANK,-0.001205750212106583,SHORT,0.001205750212106583
2025-04-08,HDFCBANK,0.0035113306872191193,LONG,0.0035113306872191193
2025-04-09,HDFCBANK,0.0005650022314557396,LONG,0.0005650022314557396
2025-04-11,HDFCBANK,0.016793557074596517,LONG,0.016793557074596517
2025-04-15,HDFCBANK,0.002830406716289577,LONG,0.002830406716289577
2025-04-16,HDFCBANK,-0.003797231393451611,SHORT,0.003797231393451611
2025-04-17,HDFCBANK,0.013351913317313332,LONG,0.013351913317313332
2025-04-21,HDFCBANK,0.0011502197151958902,LONG,0.0011502197151958902
2025-04-22,HDFCBANK,0.010845942721772098,LONG,0.010845942721772098
2025-04-23,HDFCBANK,-0.028546582233330377,SHORT,0.028546582233330377
2025-04-24,HDFCBANK,0.0023611840487900142,LONG,0.0023611840487900142
2025-04-25,HDFCBANK,-0.008429029179062878,SHORT,0.008429029179062878
2025-04-28,HDFCBANK,0.00484530932122878,LONG,0.00484530932122878
2025-04-29,HDFCBANK,-0.007050408230852675,SHORT,0.007050408230852675
2025-04-30,HDFCBANK,0.0033354828046062053,LONG,0.0033354828046062053
2025-05-02,HDFCBANK,-0.0032579639254471182,SHORT,0.0032579639254471182
2025-05-05,HDFCBANK,-0.0021112718248564393,SHORT,0.0021112718248564393
2025-05-06,HDFCBANK,-0.000672109064402211,SHORT,0.000672109064402211
2025-05-07,HDFCBANK,0.005614330497713196,LONG,0.005614330497713196
2025-05-08,HDFCBANK,-0.016665284322941464,SHORT,0.016665284322941464
2025-05-09,HDFCBANK,-0.007995516407433964,SHORT,0.007995516407433964
2025-05-12,HDFCBANK,0.020002431372138984,LONG,0.020002431372138984
2025-05-13,HDFCBANK,-0.012736661419062453,SHORT,0.012736661419062453
2025-05-14,HDFCBANK,-0.004299025597842404,SHORT,0.004299025597842404
2025-05-15,HDFCBANK,0.010353833830679867,LONG,0.010353833830679867
2025-05-16,HDFCBANK,0.00036257709870534494,LONG,0.00036257709870534494
2025-05-19,HDFCBANK,0.0007275035915611933,LONG,0.0007275035915611933
2025-05-20,HDFCBANK,-0.005396052451351758,SHORT,0.005396052451351758
2025-05-21,HDFCBANK,-0.0008548935453320135,SHORT,0.0008548935453320135
2025-05-22,HDFCBANK,0.004799373492241506,LONG,0.004799373492241506
2025-05-23,HDFCBANK,0.00617982860979357,LONG,0.00617982860979357
2025-05-26,HDFCBANK,0.002665325040104809,LONG,0.002665325040104809
2025-05-27,HDFCBANK,-0.0022765853144500973,SHORT,0.0022765853144500973
2025-05-28,HDFCBANK,0.003885489887252102,LONG,0.003885489887252102
2025-05-29,HDFCBANK,0.004826674658608086,LONG,0.004826674658608086
2025-05-30,HDFCBANK,0.004975993798051091,LONG,0.004975993798051091
2025-06-02,HDFCBANK,0.0007238493243660438,LONG,0.0007238493243660438
2025-06-03,HDFCBANK,-0.007344230935976308,SHORT,0.007344230935976308
2025-06-04,HDFCBANK,0.009354522430096417,LONG,0.009354522430096417
2025-06-05,HDFCBANK,0.0021850946413921836,LONG,0.0021850946413921836
2025-06-06,HDFCBANK,0.01815840107286125,LONG,0.01815840107286125
2025-06-09,HDFCBANK,-0.007571362067976588,SHORT,0.007571362067976588
2025-06-10,HDFCBANK,-0.010061123282873263,SHORT,0.010061123282873263
2025-06-11,HDFCBANK,-0.010042510432987789,SHORT,0.010042510432987789
2025-06-12,HDFCBANK,-0.00517684295619937,SHORT,0.00517684295619937
2025-06-13,HDFCBANK,-8.871361664322523e-05,SHORT,8.871361664322523e-05
2025-06-16,HDFCBANK,0.0065585325561271475,LONG,0.0065585325561271475
2025-06-17,HDFCBANK,-0.004466008062282253,SHORT,0.004466008062282253
2025-06-18,HDFCBANK,0.007708198606638555,LONG,0.007708198606638555
2025-06-19,HDFCBANK,-0.0005044254489775388,SHORT,0.0005044254489775388
2025-06-20,HDFCBANK,0.016686346335756636,LONG,0.016686346335756636
2025-06-23,HDFCBANK,-0.0002458107713826141,SHORT,0.0002458107713826141
2025-06-24,HDFCBANK,-0.0015158560792513259,SHORT,0.0015158560792513259
2025-06-25,HDFCBANK,0.007010684259540353,LONG,0.007010684259540353
2025-06-26,HDFCBANK,0.01873593361581615,LONG,0.01873593361581615
2025-06-27,HDFCBANK,-0.00021510470734544343,SHORT,0.00021510470734544343
2025-06-30,HDFCBANK,-0.005665677839050997,SHORT,0.005665677839050997
2025-07-01,HDFCBANK,0.003459392477044136,LONG,0.003459392477044136
2025-07-02,HDFCBANK,-0.0173549526829155,SHORT,0.0173549526829155
2025-07-03,HDFCBANK,-0.0045334326642305365,SHORT,0.0045334326642305365
2025-07-04,HDFCBANK,0.0028470591879900748,LONG,0.0028470591879900748
2025-07-07,HDFCBANK,-0.0016309592574911672,SHORT,0.0016309592574911672
2025-07-08,HDFCBANK,0.010996409501096953,LONG,0.010996409501096953
2025-07-09,HDFCBANK,0.0007369770569288988,LONG,0.0007369770569288988
2025-07-10,HDFCBANK,-0.006594952810143794,SHORT,0.006594952810143794
2025-07-11,HDFCBANK,-0.00741255853817725,SHORT,0.00741255853817725
2025-07-14,HDFCBANK,-3.454957836810362e-05,SHORT,3.454957836810362e-05
2025-07-15,HDFCBANK,0.012062523864713275,LONG,0.012062523864713275
2025-07-16,HDFCBANK,-0.010838318759711942,SHORT,0.010838318759711942
2025-07-17,HDFCBANK,-0.009193789201230358,SHORT,0.009193789201230358
2025-07-18,HDFCBANK,-0.01569008745537677,SHORT,0.01569008745537677
2025-07-21,HDFCBANK,0.011905694595375107,LONG,0.011905694595375107
2025-07-22,HDFCBANK,-0.004020905881787765,SHORT,0.004020905881787765
2025-07-23,HDFCBANK,0.007151073502258018,LONG,0.007151073502258018
2025-07-24,HDFCBANK,-0.012470833852118087,SHORT,0.012470833852118087
2025-07-25,HDFCBANK,-0.004874468219042298,SHORT,0.004874468219042298
2025-07-28,HDFCBANK,0.002437033158480942,LONG,0.002437033158480942
2025-07-29,HDFCBANK,0.011056206472712287,LONG,0.011056206472712287
2025-07-30,HDFCBANK,-0.0016424334759837995,SHORT,0.0016424334759837995
2025-07-31,HDFCBANK,0.0016214904527061477,LONG,0.0016214904527061477
2025-08-01,HDFCBANK,0.0015585820913405662,LONG,0.0015585820913405662
2025-08-04,HDFCBANK,-0.007787405962810978,SHORT,0.007787405962810978
2025-08-05,HDFCBANK,-0.0025824268736858104,SHORT,0.0025824268736858104
2025-08-06,HDFCBANK,0.008010123576000892,LONG,0.008010123576000892
2025-08-07,HDFCBANK,0.009613627045651517,LONG,0.009613627045651517
2025-08-08,HDFCBANK,-0.007918545326467623,SHORT,0.007918545326467623
2025-08-11,HDFCBANK,0.008113090181664945,LONG,0.008113090181664945
2025-08-12,HDFCBANK,-0.010718136744663112,SHORT,0.010718136744663112
2025-08-13,HDFCBANK,-0.007667920591702958,SHORT,0.007667920591702958
2025-08-14,HDFCBANK,0.005427074954288083,LONG,0.005427074954288083
2025-08-18,HDFCBANK,-0.0026617377932124757,SHORT,0.0026617377932124757
2025-08-19,HDFCBANK,-0.004421504721421965,SHORT,0.004421504721421965
2025-08-20,HDFCBANK,0.0006042258267237765,LONG,0.0006042258267237765
2025-08-21,HDFCBANK,-0.003299098976880687,SHORT,0.003299098976880687
2025-08-22,HDFCBANK,-0.012414256214135453,SHORT,0.012414256214135453
2025-08-25,HDFCBANK,0.004166286540396538,LONG,0.004166286540396538
2025-08-26,HDFCBANK,-0.007043809005974271,SHORT,0.007043809005974271
2025-08-28,HDFCBANK,-0.005657495222299722,SHORT,0.005657495222299722
2025-08-29,HDFCBANK,-0.0012938712092495307,SHORT,0.0012938712092495307
2025-09-01,HDFCBANK,0.000715892105478904,LONG,0.000715892105478904
2025-09-02,HDFCBANK,-0.007091234318632309,SHORT,0.007091234318632309
2025-09-03,HDFCBANK,0.00947822057163688,LONG,0.00947822057163688
2025-09-04,HDFCBANK,0.0007508844635987975,LONG,0.0007508844635987975
2025-09-05,HDFCBANK,-0.004990702264380244,SHORT,0.004990702264380244
2025-09-08,HDFCBANK,-0.0017355789289405037,SHORT,0.0017355789289405037
2025-09-09,HDFCBANK,-0.00782873198905771,SHORT,0.00782873198905771
2025-09-10,HDFCBANK,-0.008382506933185168,SHORT,0.008382506933185168
2025-09-11,HDFCBANK,0.006420158640677196,LONG,0.006420158640677196
2025-09-12,HDFCBANK,-0.004518888047819485,SHORT,0.004518888047819485
2025-09-15,HDFCBANK,-0.003990048215896767,SHORT,0.003990048215896767
2025-09-16,HDFCBANK,0.004871558077632065,LONG,0.004871558077632065
2025-09-17,HDFCBANK,0.0018536635421251754,LONG,0.0018536635421251754
2025-09-18,HDFCBANK,0.003226044703488508,LONG,0.003226044703488508
2025-09-19,HDFCBANK,-0.00749192586386433,SHORT,0.00749192586386433
2025-09-22,HDFCBANK,0.0005091157208529224,LONG,0.0005091157208529224
2025-09-23,HDFCBANK,-0.009035193577633424,SHORT,0.009035193577633424
2025-09-24,HDFCBANK,-0.0016273442382402081,SHORT,0.0016273442382402081
2025-09-25,HDFCBANK,-0.0015716437071427703,SHORT,0.0015716437071427703
2025-09-26,HDFCBANK,-0.0007603693590762461,SHORT,0.0007603693590762461
2025-09-29,HDFCBANK,0.006273896120048477,LONG,0.006273896120048477
2025-09-30,HDFCBANK,-0.006276243010550476,SHORT,0.006276243010550476
2025-10-01,HDFCBANK,0.013244965312281967,LONG,0.013244965312281967
2025-10-03,HDFCBANK,0.013063390819442277,LONG,0.013063390819442277
2025-10-06,HDFCBANK,0.0015964628168725877,LONG,0.0015964628168725877
2025-10-07,HDFCBANK,0.00850625943389645,LONG,0.00850625943389645
2025-10-08,HDFCBANK,0.0019162807871731002,LONG,0.0019162807871731002
2025-10-09,HDFCBANK,0.00026501404308380664,LONG,0.00026501404308380664
2025-10-10,HDFCBANK,0.002559476634474916,LONG,0.002559476634474916
2025-10-13,HDFCBANK,0.003607549152169872,LONG,0.003607549152169872
2025-10-14,HDFCBANK,0.007053856791863437,LONG,0.007053856791863437
2025-10-15,HDFCBANK,0.003507205889060304,LONG,0.003507205889060304
2025-10-16,HDFCBANK,0.011162370221927965,LONG,0.011162370221927965
2025-10-17,HDFCBANK,0.008386306449552414,LONG,0.008386306449552414
2025-10-20,HDFCBANK,0.006533875278386483,LONG,0.006533875278386483
2025-10-21,HDFCBANK,-0.0018681554272695874,SHORT,0.0018681554272695874
2025-10-23,HDFCBANK,-0.008144680671106876,SHORT,0.008144680671106876
2025-10-24,HDFCBANK,-0.014858824857332436,SHORT,0.014858824857332436
2025-10-27,HDFCBANK,0.006855568373298026,LONG,0.006855568373298026
2025-10-28,HDFCBANK,0.00710320641010921,LONG,0.00710320641010921
2025-10-29,HDFCBANK,0.0036875915710869863,LONG,0.0036875915710869863
2025-10-30,HDFCBANK,-0.0010267147455952134,SHORT,0.0010267147455952134
2025-10-31,HDFCBANK,-0.006517774330333996,SHORT,0.006517774330333996
2025-11-03,HDFCBANK,0.008369120194757539,LONG,0.008369120194757539
2025-11-04,HDFCBANK,-0.0021067768275331083,SHORT,0.0021067768275331083
2025-11-06,HDFCBANK,0.00587931136362306,LONG,0.00587931136362306
2025-11-07,HDFCBANK,0.00460842992555036,LONG,0.00460842992555036
2025-11-10,HDFCBANK,0.002075905249561376,LONG,0.002075905249561376
2025-11-11,HDFCBANK,0.008399386372275388,LONG,0.008399386372275388
2025-11-12,HDFCBANK,-0.008328494027961852,SHORT,0.008328494027961852
2025-11-13,HDFCBANK,0.002280304478469594,LONG,0.002280304478469594
2025-11-14,HDFCBANK,0.013088578500783116,LONG,0.013088578500783116
2025-11-17,HDFCBANK,0.005484588451021085,LONG,0.005484588451021085
2025-11-18,HDFCBANK,-0.007053558279989622,SHORT,0.007053558279989622
2025-11-19,HDFCBANK,0.004714537757246881,LONG,0.004714537757246881
2025-11-20,HDFCBANK,0.013311820661880533,LONG,0.013311820661880533
2025-11-21,HDFCBANK,-0.004973282350705359,SHORT,0.004973282350705359
2025-11-24,HDFCBANK,-0.0014668712485119875,SHORT,0.0014668712485119875
2025-11-25,HDFCBANK,-0.014424411258563866,SHORT,0.014424411258563866
2025-11-26,HDFCBANK,0.02395193585241656,LONG,0.02395193585241656
2025-11-27,HDFCBANK,0.007398526640718737,LONG,0.007398526640718737
2025-11-28,HDFCBANK,-0.0004999133651655532,SHORT,0.0004999133651655532
2025-12-01,HDFCBANK,-0.014594203790121354,SHORT,0.014594203790121354
2025-12-02,HDFCBANK,0.003973974503705827,LONG,0.003973974503705827
2025-12-03,HDFCBANK,0.01395560756347872,LONG,0.01395560756347872
2025-12-04,HDFCBANK,-0.0016018301288885169,SHORT,0.0016018301288885169
2025-12-05,HDFCBANK,0.008981256810801285,LONG,0.008981256810801285
2025-12-08,HDFCBANK,0.0017308290037436975,LONG,0.0017308290037436975
2025-12-09,HDFCBANK,0.002541446710689453,LONG,0.002541446710689453
2025-12-10,HDFCBANK,-0.005732609332460219,SHORT,0.005732609332460219
2025-12-11,HDFCBANK,0.009644564534175788,LONG,0.009644564534175788
2025-12-12,HDFCBANK,-0.00018156208371725385,SHORT,0.00018156208371725385
2025-12-15,HDFCBANK,0.003425303914920436,LONG,0.003425303914920436
2025-12-16,HDFCBANK,0.003959698595139818,LONG,0.003959698595139818
2025-12-17,HDFCBANK,-0.010253904707566907,SHORT,0.010253904707566907
2025-12-18,HDFCBANK,0.006517673726744719,LONG,0.006517673726744719
2025-12-19,HDFCBANK,-0.0022014274977018634,SHORT,0.0022014274977018634
2025-12-22,HDFCBANK,-0.0007447463018920943,SHORT,0.0007447463018920943
2025-12-23,HDFCBANK,0.006588715353198368,LONG,0.006588715353198368
2025-12-24,HDFCBANK,0.0038132015345531765,LONG,0.0038132015345531765
2025-12-26,HDFCBANK,-0.0037931344949838322,SHORT,0.0037931344949838322
2025-12-29,HDFCBANK,-0.0014140014524679238,SHORT,0.0014140014524679238
2025-12-30,HDFCBANK,0.004579780817661985,LONG,0.004579780817661985
2025-01-30,BHARTIARTL,0.02240985347432376,LONG,0.02240985347432376
2025-01-31,BHARTIARTL,-0.007106716175805125,SHORT,0.007106716175805125
2025-02-01,BHARTIARTL,-0.001373090301651872,SHORT,0.001373090301651872
2025-02-03,BHARTIARTL,0.019873253132868134,LONG,0.019873253132868134
2025-02-04,BHARTIARTL,0.0010701257186406558,LONG,0.0010701257186406558
2025-02-05,BHARTIARTL,-0.007213086617339015,SHORT,0.007213086617339015
2025-02-06,BHARTIARTL,-0.02630901166218145,SHORT,0.02630901166218145
2025-02-07,BHARTIARTL,0.025073268461570316,LONG,0.025073268461570316
2025-02-10,BHARTIARTL,-0.0031756308955814246,SHORT,0.0031756308955814246
2025-02-11,BHARTIARTL,-0.005777205501208466,SHORT,0.005777205501208466
2025-02-12,BHARTIARTL,0.005435112734838543,LONG,0.005435112734838543
2025-02-13,BHARTIARTL,0.00040762376406293946,LONG,0.00040762376406293946
2025-02-14,BHARTIARTL,7.4672106086966175e-06,LONG,7.4672106086966175e-06
2025-02-17,BHARTIARTL,-0.02069520517558597,SHORT,0.02069520517558597
2025-02-18,BHARTIARTL,-0.013002120095463612,SHORT,0.013002120095463612
2025-02-19,BHARTIARTL,-0.018613123941096724,SHORT,0.018613123941096724
2025-02-20,BHARTIARTL,0.004030429011033942,LONG,0.004030429011033942
2025-02-21,BHARTIARTL,-0.0036933446771690655,SHORT,0.0036933446771690655
2025-02-24,BHARTIARTL,-0.01635646583287482,SHORT,0.01635646583287482
2025-02-25,BHARTIARTL,0.025001612507081432,LONG,0.025001612507081432
2025-02-27,BHARTIARTL,0.0016336123688495009,LONG,0.0016336123688495009
2025-02-28,BHARTIARTL,-0.04138359446686681,SHORT,0.04138359446686681
2025-03-03,BHARTIARTL,0.011909987475067427,LONG,0.011909987475067427
2025-03-04,BHARTIARTL,-0.008429973419039777,SHORT,0.008429973419039777
2025-03-05,BHARTIARTL,0.01962336117055614,LONG,0.01962336117055614
2025-03-06,BHARTIARTL,0.004306900633657401,LONG,0.004306900633657401
2025-03-07,BHARTIARTL,0.005552367795816919,LONG,0.005552367795816919
2025-03-10,BHARTIARTL,-0.007322833190440281,SHORT,0.007322833190440281
2025-03-11,BHARTIARTL,0.020539329855354584,LONG,0.020539329855354584
2025-03-12,BHARTIARTL,-0.02424532623368322,SHORT,0.02424532623368322
2025-03-13,BHARTIARTL,-0.010677547492627048,SHORT,0.010677547492627048
2025-03-17,BHARTIARTL,0.017601126540481394,LONG,0.017601126540481394
2025-03-18,BHARTIARTL,-0.010036841981551739,SHORT,0.010036841981551739
2025-03-19,BHARTIARTL,-3.408764110469366e-05,SHORT,3.408764110469366e-05
2025-03-20,BHARTIARTL,0.026621447890297686,LONG,0.026621447890297686
2025-03-21,BHARTIARTL,0.0061257675228259135,LONG,0.0061257675228259135
2025-03-24,BHARTIARTL,-0.01320209962943153,SHORT,0.01320209962943153
2025-03-25,BHARTIARTL,0.001482668070783281,LONG,0.001482668070783281
2025-03-26,BHARTIARTL,-0.0037210915817256903,SHORT,0.0037210915817256903
2025-03-27,BHARTIARTL,-0.008150968530582418,SHORT,0.008150968530582418
2025-03-28,BHARTIARTL,-0.003491351614873391,SHORT,0.003491351614873391
2025-04-01,BHARTIARTL,0.005322230852271894,LONG,0.005322230852271894
2025-04-02,BHARTIARTL,0.018869775543887902,LONG,0.018869775543887902
2025-04-03,BHARTIARTL,-0.002855190697660837,SHORT,0.002855190697660837
2025-04-04,BHARTIARTL,-0.00775427451215705,SHORT,0.00775427451215705
2025-04-07,BHARTIARTL,-0.020551403850427644,SHORT,0.020551403850427644
2025-04-08,BHARTIARTL,0.0009090889856079765,LONG,0.0009090889856079765
2025-04-09,BHARTIARTL,-0.002575838140836728,SHORT,0.002575838140836728
2025-04-11,BHARTIARTL,0.0017910243448189822,LONG,0.0017910243448189822
2025-04-15,BHARTIARTL,-0.004924521966198138,SHORT,0.004924521966198138
2025-04-16,BHARTIARTL,0.010411428234146756,LONG,0.010411428234146756
2025-04-17,BHARTIARTL,0.02747060731043009,LONG,0.02747060731043009
2025-04-21,BHARTIARTL,-0.006081130657620206,SHORT,0.006081130657620206
2025-04-22,BHARTIARTL,-0.020748132898252985,SHORT,0.020748132898252985
2025-04-23,BHARTIARTL,0.00620988417368096,LONG,0.00620988417368096
2025-04-24,BHARTIARTL,-0.014448925014843798,SHORT,0.014448925014843798
2025-04-25,BHARTIARTL,-0.015804238205694366,SHORT,0.015804238205694366
2025-04-28,BHARTIARTL,-0.008463638643511852,SHORT,0.008463638643511852
2025-04-29,BHARTIARTL,0.0016069061593814791,LONG,0.0016069061593814791
2025-04-30,BHARTIARTL,0.007557643401105944,LONG,0.007557643401105944
2025-05-02,BHARTIARTL,-0.0017120843109171184,SHORT,0.0017120843109171184
2025-05-05,BHARTIARTL,-0.0013013414053410627,SHORT,0.0013013414053410627
2025-05-06,BHARTIARTL,0.0047729490127952565,LONG,0.0047729490127952565
2025-05-07,BHARTIARTL,-0.004373112326169919,SHORT,0.004373112326169919
2025-05-08,BHARTIARTL,-0.017189450654223563,SHORT,0.017189450654223563
2025-05-09,BHARTIARTL,-0.002675124823365387,SHORT,0.002675124823365387
2025-05-12,BHARTIARTL,0.0018246296130216876,LONG,0.0018246296130216876
2025-05-13,BHARTIARTL,-0.02817211864000928,SHORT,0.02817211864000928
2025-05-14,BHARTIARTL,0.004814355305939865,LONG,0.004814355305939865
2025-05-15,BHARTIARTL,0.006784646202991161,LONG,0.006784646202991161
2025-05-16,BHARTIARTL,-0.013947743373704417,SHORT,0.013947743373704417
2025-05-19,BHARTIARTL,-0.0031304428523673683,SHORT,0.0031304428523673683
2025-05-20,BHARTIARTL,-0.000196183275500138,SHORT,0.000196183275500138
2025-05-21,BHARTIARTL,0.0041052231056434825,LONG,0.0041052231056434825
2025-05-22,BHARTIARTL,0.006094158934764412,LONG,0.006094158934764412
2025-05-23,BHARTIARTL,0.003474788116169761,LONG,0.003474788116169761
2025-05-26,BHARTIARTL,0.006354669665449937,LONG,0.006354669665449937
2025-05-27,BHARTIARTL,0.0017537576590811806,LONG,0.0017537576590811806
2025-05-28,BHARTIARTL,0.0037608361529294725,LONG,0.0037608361529294725
2025-05-29,BHARTIARTL,0.003698971863349648,LONG,0.003698971863349648
2025-05-30,BHARTIARTL,0.0030329507494299933,LONG,0.0030329507494299933
2025-06-02,BHARTIARTL,0.002740146337264546,LONG,0.002740146337264546
2025-06-03,BHARTIARTL,-0.013370231133693814,SHORT,0.013370231133693814
2025-06-04,BHARTIARTL,0.009477503607216048,LONG,0.009477503607216048
2025-06-05,BHARTIARTL,-0.003707992732715745,SHORT,0.003707992732715745
2025-06-06,BHARTIARTL,-0.0010161219567526043,SHORT,0.0010161219567526043
2025-06-09,BHARTIARTL,-0.005121822874007219,SHORT,0.005121822874007219
2025-06-10,BHARTIARTL,-0.005527675839632842,SHORT,0.005527675839632842
2025-06-11,BHARTIARTL,-0.0006366284379600997,SHORT,0.0006366284379600997
2025-06-12,BHARTIARTL,-0.014874576422598214,SHORT,0.014874576422598214
2025-06-13,BHARTIARTL,0.012872462996182077,LONG,0.012872462996182077
2025-06-16,BHARTIARTL,0.008394864444427075,LONG,0.008394864444427075
2025-06-17,BHARTIARTL,-0.011776467203577987,SHORT,0.011776467203577987
2025-06-18,BHARTIARTL,0.007358450891996501,LONG,0.007358450891996501
2025-06-19,BHARTIARTL,0.0009571886749430503,LONG,0.0009571886749430503
2025-06-20,BHARTIARTL,0.028905512715292896,LONG,0.028905512715292896
2025-06-23,BHARTIARTL,0.002173093468753568,LONG,0.002173093468753568
2025-06-24,BHARTIARTL,-0.004319863299227028,SHORT,0.004319863299227028
2025-06-25,BHARTIARTL,0.011044126155006401,LONG,0.011044126155006401
2025-06-26,BHARTIARTL,0.02271582371024717,LONG,0.02271582371024717
2025-06-27,BHARTIARTL,0.005264031288910353,LONG,0.005264031288910353
2025-06-30,BHARTIARTL,-0.003964061276789557,SHORT,0.003964061276789557
2025-07-01,BHARTIARTL,0.0027069791368168326,LONG,0.0027069791368168326
2025-07-02,BHARTIARTL,-0.003563640455854406,SHORT,0.003563640455854406
2025-07-03,BHARTIARTL,-0.011229292231908054,SHORT,0.011229292231908054
2025-07-04,BHARTIARTL,-0.0042971450546986185,SHORT,0.0042971450546986185
2025-07-07,BHARTIARTL,0.005727239912227729,LONG,0.005727239912227729
2025-07-08,BHARTIARTL,0.0028401593986332845,LONG,0.0028401593986332845
2025-07-09,BHARTIARTL,-0.007927933501457863,SHORT,0.007927933501457863
2025-07-10,BHARTIARTL,-0.030255198210063564,SHORT,0.030255198210063564
2025-07-11,BHARTIARTL,-0.009037385115655897,SHORT,0.009037385115655897
2025-07-14,BHARTIARTL,0.004439446304981161,LONG,0.004439446304981161
2025-07-15,BHARTIARTL,0.005170532113114065,LONG,0.005170532113114065
2025-07-16,BHARTIARTL,-0.00643282978789459,SHORT,0.00643282978789459
2025-07-17,BHARTIARTL,-0.007427371335000145,SHORT,0.007427371335000145
2025-07-18,BHARTIARTL,-0.006911582305610772,SHORT,0.006911582305610772
2025-07-21,BHARTIARTL,0.0063876172317439694,LONG,0.0063876172317439694
2025-07-22,BHARTIARTL,-0.0011951431411815288,SHORT,0.0011951431411815288
2025-07-23,BHARTIARTL,0.015156214944576836,LONG,0.015156214944576836
2025-07-24,BHARTIARTL,-0.0034175108157868572,SHORT,0.0034175108157868572
2025-07-25,BHARTIARTL,-0.003985641651890958,SHORT,0.003985641651890958
2025-07-28,BHARTIARTL,-0.020378995998894887,SHORT,0.020378995998894887
2025-07-29,BHARTIARTL,0.017815896900342822,LONG,0.017815896900342822
2025-07-30,BHARTIARTL,-0.002009316561566527,SHORT,0.002009316561566527
2025-07-31,BHARTIARTL,0.00022995012838014327,LONG,0.00022995012838014327
2025-08-01,BHARTIARTL,-0.018133399771005962,SHORT,0.018133399771005962
2025-08-04,BHARTIARTL,0.01263170010284666,LONG,0.01263170010284666
2025-08-05,BHARTIARTL,0.005326341495725922,LONG,0.005326341495725922
2025-08-06,BHARTIARTL,-0.0033214147465880544,SHORT,0.0033214147465880544
2025-08-07,BHARTIARTL,-0.003964823322269131,SHORT,0.003964823322269131
2025-08-08,BHARTIARTL,-0.01909477112332079,SHORT,0.01909477112332079
2025-08-11,BHARTIARTL,-0.005828873503309098,SHORT,0.005828873503309098
2025-08-12,BHARTIARTL,-0.004013321427039671,SHORT,0.004013321427039671
2025-08-13,BHARTIARTL,0.00961276725366651,LONG,0.00961276725366651
2025-08-14,BHARTIARTL,-0.0019817972287919667,SHORT,0.0019817972287919667
2025-08-18,BHARTIARTL,0.00023347581494925028,LONG,0.00023347581494925028
2025-08-19,BHARTIARTL,0.00569997281312785,LONG,0.00569997281312785
2025-08-20,BHARTIARTL,-0.004109563384964355,SHORT,0.004109563384964355
2025-08-21,BHARTIARTL,0.0003341878782638829,LONG,0.0003341878782638829
2025-08-22,BHARTIARTL,-0.0005986392716949237,SHORT,0.0005986392716949237
2025-08-25,BHARTIARTL,-0.005502328119820069,SHORT,0.005502328119820069
2025-08-26,BHARTIARTL,-0.009714210658798158,SHORT,0.009714210658798158
2025-08-28,BHARTIARTL,-0.002725026248622516,SHORT,0.002725026248622516
2025-08-29,BHARTIARTL,0.0081407637434013,LONG,0.0081407637434013
2025-09-01,BHARTIARTL,0.005759155773747971,LONG,0.005759155773747971
2025-09-02,BHARTIARTL,-0.00815278024085749,SHORT,0.00815278024085749
2025-09-03,BHARTIARTL,-0.004000003447971685,SHORT,0.004000003447971685
2025-09-04,BHARTIARTL,-0.00999575157720147,SHORT,0.00999575157720147
2025-09-05,BHARTIARTL,0.003974367864564065,LONG,0.003974367864564065
2025-09-08,BHARTIARTL,-0.006772617841145704,SHORT,0.006772617841145704
2025-09-09,BHARTIARTL,0.0008527878523848854,LONG,0.0008527878523848854
2025-09-10,BHARTIARTL,-0.005257457275392334,SHORT,0.005257457275392334
2025-09-11,BHARTIARTL,0.01527639093681995,LONG,0.01527639093681995
2025-09-12,BHARTIARTL,-0.011137227109039378,SHORT,0.011137227109039378
2025-09-15,BHARTIARTL,0.0020946307713597895,LONG,0.0020946307713597895
2025-09-16,BHARTIARTL,0.02032850550235188,LONG,0.02032850550235188
2025-09-17,BHARTIARTL,0.0011924048557675419,LONG,0.0011924048557675419
2025-09-18,BHARTIARTL,-0.0030122463651900445,SHORT,0.0030122463651900445
2025-09-19,BHARTIARTL,0.015601351490076824,LONG,0.015601351490076824
2025-09-22,BHARTIARTL,0.0009013948388838343,LONG,0.0009013948388838343
2025-09-23,BHARTIARTL,-0.005129929593051983,SHORT,0.005129929593051983
2025-09-24,BHARTIARTL,0.004904093730109775,LONG,0.004904093730109775
2025-09-25,BHARTIARTL,0.002486837288859621,LONG,0.002486837288859621
2025-09-26,BHARTIARTL,-0.008042536885120558,SHORT,0.008042536885120558
2025-09-29,BHARTIARTL,-0.013242099075152093,SHORT,0.013242099075152093
2025-09-30,BHARTIARTL,-0.006978743398669178,SHORT,0.006978743398669178
2025-10-01,BHARTIARTL,0.00036816027954035427,LONG,0.00036816027954035427
2025-10-03,BHARTIARTL,0.02345456371678865,LONG,0.02345456371678865
2025-10-06,BHARTIARTL,0.00471170127556344,LONG,0.00471170127556344
2025-10-07,BHARTIARTL,0.01736151510710727,LONG,0.01736151510710727
2025-10-08,BHARTIARTL,0.004935403782223799,LONG,0.004935403782223799
2025-10-09,BHARTIARTL,0.0009700255122583419,LONG,0.0009700255122583419
2025-10-10,BHARTIARTL,0.0017501600372376725,LONG,0.0017501600372376725
2025-10-13,BHARTIARTL,0.008524519660465782,LONG,0.008524519660465782
2025-10-14,BHARTIARTL,-0.007616595885402323,SHORT,0.007616595885402323
2025-10-15,BHARTIARTL,0.005174539222207791,LONG,0.005174539222207791
2025-10-16,BHARTIARTL,0.0039977455530438655,LONG,0.0039977455530438655
2025-10-17,BHARTIARTL,0.019582866843725226,LONG,0.019582866843725226
2025-10-20,BHARTIARTL,0.011875331372010231,LONG,0.011875331372010231
2025-10-21,BHARTIARTL,-0.003696008040448824,SHORT,0.003696008040448824
2025-10-23,BHARTIARTL,-0.025644773533798865,SHORT,0.025644773533798865
2025-10-24,BHARTIARTL,0.009948601038466894,LONG,0.009948601038466894
2025-10-27,BHARTIARTL,0.02709419291307451,LONG,0.02709419291307451
2025-10-28,BHARTIARTL,-0.0013270628126643572,SHORT,0.0013270628126643572
2025-10-29,BHARTIARTL,0.00802021030503931,LONG,0.00802021030503931
2025-10-30,BHARTIARTL,0.0005345447124332889,LONG,0.0005345447124332889
2025-10-31,BHARTIARTL,0.00322609343267436,LONG,0.00322609343267436
2025-11-03,BHARTIARTL,0.010418749109885985,LONG,0.010418749109885985
2025-11-04,BHARTIARTL,0.0022162435334611174,LONG,0.0022162435334611174
2025-11-06,BHARTIARTL,-0.009425519475898142,SHORT,0.009425519475898142
2025-11-07,BHARTIARTL,-0.030481776318400947,SHORT,0.030481776318400947
2025-11-10,BHARTIARTL,0.013080531572991556,LONG,0.013080531572991556
2025-11-11,BHARTIARTL,0.011834532307070203,LONG,0.011834532307070203
2025-11-12,BHARTIARTL,0.008364252143724068,LONG,0.008364252143724068
2025-11-13,BHARTIARTL,-0.0033430453708916904,SHORT,0.0033430453708916904
2025-11-14,BHARTIARTL,0.003359544222846228,LONG,0.003359544222846228
2025-11-17,BHARTIARTL,-0.00034305572994852945,SHORT,0.00034305572994852945
2025-11-18,BHARTIARTL,0.01224893382892817,LONG,0.01224893382892817
2025-11-19,BHARTIARTL,0.0023709893576294716,LONG,0.0023709893576294716
2025-11-20,BHARTIARTL,0.0035839253218945648,LONG,0.0035839253218945648
2025-11-21,BHARTIARTL,0.006538490737966224,LONG,0.006538490737966224
2025-11-24,BHARTIARTL,-0.007853179940484798,SHORT,0.007853179940484798
2025-11-25,BHARTIARTL,-0.0013350373199420057,SHORT,0.0013350373199420057
2025-11-26,BHARTIARTL,0.01224774995651076,LONG,0.01224774995651076
2025-11-27,BHARTIARTL,-0.006458822140992333,SHORT,0.006458822140992333
2025-11-28,BHARTIARTL,-0.008702503012887079,SHORT,0.008702503012887079
2025-12-01,BHARTIARTL,-0.01212752035688194,SHORT,0.01212752035688194
2025-12-02,BHARTIARTL,0.008374221599941063,LONG,0.008374221599941063
2025-12-03,BHARTIARTL,-0.006290100091881233,SHORT,0.006290100091881233
2025-12-04,BHARTIARTL,0.004010914904252816,LONG,0.004010914904252816
2025-12-05,BHARTIARTL,0.008017817266903902,LONG,0.008017817266903902
2025-12-08,BHARTIARTL,-0.013160237443186406,SHORT,0.013160237443186406
2025-12-09,BHARTIARTL,-0.0003524139616509409,SHORT,0.0003524139616509409
2025-12-10,BHARTIARTL,-0.004577669309572065,SHORT,0.004577669309572065
2025-12-11,BHARTIARTL,-0.005740987932527792,SHORT,0.005740987932527792
2025-12-12,BHARTIARTL,0.013834514850309619,LONG,0.013834514850309619
2025-12-15,BHARTIARTL,0.000574220632742115,LONG,0.000574220632742115
2025-12-16,BHARTIARTL,0.01691656307339497,LONG,0.01691656307339497
2025-12-17,BHARTIARTL,-0.0038884604366794836,SHORT,0.0038884604366794836
2025-12-18,BHARTIARTL,-0.0005259365566599181,SHORT,0.0005259365566599181
2025-12-19,BHARTIARTL,-0.010292300825052824,SHORT,0.010292300825052824
2025-12-22,BHARTIARTL,0.010975175343675267,LONG,0.010975175343675267
2025-12-23,BHARTIARTL,-0.01597021926588991,SHORT,0.01597021926588991
2025-12-24,BHARTIARTL,0.005585437173572475,LONG,0.005585437173572475
2025-12-26,BHARTIARTL,-0.007192553906672707,SHORT,0.007192553906672707
2025-12-29,BHARTIARTL,-0.011275517407403629,SHORT,0.011275517407403629
2025-12-30,BHARTIARTL,0.010363728210057509,LONG,0.010363728210057509
2025-01-30,ICICIBANK,0.008137084457367811,LONG,0.008137084457367811
2025-01-31,ICICIBANK,-0.0010443393082823478,SHORT,0.0010443393082823478
2025-02-01,ICICIBANK,0.0025531167015920052,LONG,0.0025531167015920052
2025-02-03,ICICIBANK,0.004602828489346842,LONG,0.004602828489346842
2025-02-04,ICICIBANK,0.003745824036681974,LONG,0.003745824036681974
2025-02-05,ICICIBANK,-0.0014395564761923122,SHORT,0.0014395564761923122
2025-02-06,ICICIBANK,-0.00265834103131187,SHORT,0.00265834103131187
2025-02-07,ICICIBANK,-0.011805592316799127,SHORT,0.011805592316799127
2025-02-10,ICICIBANK,0.001958574693314964,LONG,0.001958574693314964
2025-02-11,ICICIBANK,-0.005699856046790326,SHORT,0.005699856046790326
2025-02-12,ICICIBANK,-0.00341212223611205,SHORT,0.00341212223611205
2025-02-13,ICICIBANK,-0.0034070990979861637,SHORT,0.0034070990979861637
2025-02-14,ICICIBANK,0.005634715586987484,LONG,0.005634715586987484
2025-02-17,ICICIBANK,0.00015815360362020958,LONG,0.00015815360362020958
2025-02-18,ICICIBANK,-0.008166426452890074,SHORT,0.008166426452890074
2025-02-19,ICICIBANK,0.0207659534486436,LONG,0.0207659534486436
2025-02-20,ICICIBANK,-0.006198733923476069,SHORT,0.006198733923476069
2025-02-21,ICICIBANK,-0.007356380367082845,SHORT,0.007356380367082845
2025-02-24,ICICIBANK,-0.005410192238411781,SHORT,0.005410192238411781
2025-02-25,ICICIBANK,-0.002344985372042966,SHORT,0.002344985372042966
2025-02-27,ICICIBANK,-0.004732570529948176,SHORT,0.004732570529948176
2025-02-28,ICICIBANK,-0.01359842550859605,SHORT,0.01359842550859605
2025-03-03,ICICIBANK,-0.001876290242684477,SHORT,0.001876290242684477
2025-03-04,ICICIBANK,0.004629108959006241,LONG,0.004629108959006241
2025-03-05,ICICIBANK,-0.0021030873229262643,SHORT,0.0021030873229262643
2025-03-06,ICICIBANK,-0.007055722058700725,SHORT,0.007055722058700725
2025-03-07,ICICIBANK,0.0027669813783435895,LONG,0.0027669813783435895
2025-03-10,ICICIBANK,0.003911152435068455,LONG,0.003911152435068455
2025-03-11,ICICIBANK,0.021474595885095427,LONG,0.021474595885095427
2025-03-12,ICICIBANK,-0.002224763589327626,SHORT,0.002224763589327626
2025-03-13,ICICIBANK,-0.0024013956022722735,SHORT,0.0024013956022722735
2025-03-17,ICICIBANK,0.00895196382898209,LONG,0.00895196382898209
2025-03-18,ICICIBANK,0.02239219671565659,LONG,0.02239219671565659
2025-03-19,ICICIBANK,0.007777512551704964,LONG,0.007777512551704964
2025-03-20,ICICIBANK,-0.0007521229353943589,SHORT,0.0007521229353943589
2025-03-21,ICICIBANK,0.01827967306912837,LONG,0.01827967306912837
2025-03-24,ICICIBANK,0.0042060266073034,LONG,0.0042060266073034
2025-03-25,ICICIBANK,-0.012502450730082203,SHORT,0.012502450730082203
2025-03-26,ICICIBANK,-0.006390796357449898,SHORT,0.006390796357449898
2025-03-27,ICICIBANK,0.003923534613200435,LONG,0.003923534613200435
2025-03-28,ICICIBANK,0.008673811952295109,LONG,0.008673811952295109
2025-04-01,ICICIBANK,-0.01618507374622732,SHORT,0.01618507374622732
2025-04-02,ICICIBANK,0.00654825273062774,LONG,0.00654825273062774
2025-04-03,ICICIBANK,0.00550797966134344,LONG,0.00550797966134344
2025-04-04,ICICIBANK,0.004011259575959368,LONG,0.004011259575959368
2025-04-07,ICICIBANK,-0.001539913210999728,SHORT,0.001539913210999728
2025-04-08,ICICIBANK,0.0018519525218858952,LONG,0.0018519525218858952
2025-04-09,ICICIBANK,-0.0001735154076166403,SHORT,0.0001735154076166403
2025-04-11,ICICIBANK,0.005075110524841981,LONG,0.005075110524841981
2025-04-15,ICICIBANK,-0.0010543101784295306,SHORT,0.0010543101784295306
2025-04-16,ICICIBANK,0.0009930893319934568,LONG,0.0009930893319934568
2025-04-17,ICICIBANK,0.03204093537448105,LONG,0.03204093537448105
2025-04-21,ICICIBANK,-0.019427214050608176,SHORT,0.019427214050608176
2025-04-22,ICICIBANK,0.0012332579550597116,LONG,0.0012332579550597116
2025-04-23,ICICIBANK,-0.003548412663157002,SHORT,0.003548412663157002
2025-04-24,ICICIBANK,-0.01113382467507794,SHORT,0.01113382467507794
2025-04-25,ICICIBANK,-0.00579943575391595,SHORT,0.00579943575391595
2025-04-28,ICICIBANK,0.015000035727746575,LONG,0.015000035727746575
2025-04-29,ICICIBANK,-0.002076923895689943,SHORT,0.002076923895689943
2025-04-30,ICICIBANK,-0.006258359903119295,SHORT,0.006258359903119295
2025-05-02,ICICIBANK,0.0015258310113996291,LONG,0.0015258310113996291
2025-05-05,ICICIBANK,-0.008951741484858848,SHORT,0.008951741484858848
2025-05-06,ICICIBANK,0.0005356561179707819,LONG,0.0005356561179707819
2025-05-07,ICICIBANK,0.00870760299758561,LONG,0.00870760299758561
2025-05-08,ICICIBANK,-0.007745939873853236,SHORT,0.007745939873853236
2025-05-09,ICICIBANK,-0.017616803999838976,SHORT,0.017616803999838976
2025-05-12,ICICIBANK,0.02741957366398003,LONG,0.02741957366398003
2025-05-13,ICICIBANK,-0.006217542608299864,SHORT,0.006217542608299864
2025-05-14,ICICIBANK,-0.0018470629921221748,SHORT,0.0018470629921221748
2025-05-15,ICICIBANK,0.017205018429707522,LONG,0.017205018429707522
2025-05-16,ICICIBANK,-0.0008644240468496786,SHORT,0.0008644240468496786
2025-05-19,ICICIBANK,0.00015651660165867646,LONG,0.00015651660165867646
2025-05-20,ICICIBANK,-0.008130918119479266,SHORT,0.008130918119479266
2025-05-21,ICICIBANK,0.0016723871645367492,LONG,0.0016723871645367492
2025-05-22,ICICIBANK,-0.0013272356705073278,SHORT,0.0013272356705073278
2025-05-23,ICICIBANK,0.005738938234321275,LONG,0.005738938234321275
2025-05-26,ICICIBANK,0.001547808691408706,LONG,0.001547808691408706
2025-05-27,ICICIBANK,-0.005248465193266904,SHORT,0.005248465193266904
2025-05-28,ICICIBANK,0.003440859501560215,LONG,0.003440859501560215
2025-05-29,ICICIBANK,0.0031506281153122324,LONG,0.0031506281153122324
2025-05-30,ICICIBANK,-0.009256595389229844,SHORT,0.009256595389229844
2025-06-02,ICICIBANK,0.0038750770296239415,LONG,0.0038750770296239415
2025-06-03,ICICIBANK,-0.01203642867128991,SHORT,0.01203642867128991
2025-06-04,ICICIBANK,-0.004330150064767723,SHORT,0.004330150064767723
2025-06-05,ICICIBANK,0.01784225081645537,LONG,0.01784225081645537
2025-06-06,ICICIBANK,0.007731208236714043,LONG,0.007731208236714043
2025-06-09,ICICIBANK,-0.019993292157812603,SHORT,0.019993292157812603
2025-06-10,ICICIBANK,-0.011564474070370158,SHORT,0.011564474070370158
2025-06-11,ICICIBANK,0.006703410290919925,LONG,0.006703410290919925
2025-06-12,ICICIBANK,-0.0040114013842616125,SHORT,0.0040114013842616125
2025-06-13,ICICIBANK,0.00945995371508274,LONG,0.00945995371508274
