Symbol,Company Name,Industry,Series,ISIN Code
360ONE,,,EQ,
3MINDIA,,,EQ,
AADHARHFC,,,EQ,
AARTIIND,,,EQ,
AAVAS,,,EQ,
ABB,,,EQ,
ABBOTINDIA,,,EQ,
ABCAPITAL,,,EQ,
ABDL,,,EQ,
ABFRL,,,EQ,
ABLBL,,,EQ,
ABREL,,,EQ,
ABSLAMC,,,EQ,
ACC,,,EQ,
ACE,,,EQ,
ACMESOLAR,,,EQ,
ACUTAAS,,,EQ,
ADANIENSOL,,,EQ,
ADANIENT,Adani Enterprises,,EQ,
ADANIGREEN,,,EQ,
ADANIPORTS,Adani Ports,,EQ,
ADANIPOWER,,,EQ,
AEGISLOG,,,EQ,
AEGISVOPAK,,,EQ,
AFCONS,,,EQ,
AFFLE,,,EQ,
AGARWALEYE,,,EQ,
AIAENG,,,EQ,
AIIL,,,EQ,
AJANTPHARM,,,EQ,
AKUMS,,,EQ,
AKZOINDIA,,,EQ,
ALKEM,,,EQ,
ALKYLAMINE,,,EQ,
ALOKINDS,,,EQ,
AMBER,,,EQ,
AMBUJACEM,,,EQ,
ANANDRATHI,,,EQ,
ANANTRAJ,,,EQ,
ANGELONE,,,EQ,
ANTHEM,,,EQ,
ANURAS,,,EQ,
APARINDS,,,EQ,
APLAPOLLO,,,EQ,
APLLTD,,,EQ,
APOLLOHOSP,Apollo Hospitals,,EQ,
APOLLOTYRE,,,EQ,
APTUS,,,EQ,
AREM,,,EQ,
ASAHIINDIA,,,EQ,
ASHOKLEY,,,EQ,
ASIANPAINT,Asian Paints,,EQ,
ASTERDM,,,EQ,
ASTRAL,,,EQ,
ASTRAZEN,,,EQ,
ATGL,,,EQ,
ATHERENERG,,,EQ,
ATUL,,,EQ,
AUBANK,,,EQ,
AUROPHARMA,,,EQ,
AWL,,,EQ,
AXISBANK,Axis Bank,,EQ,
BAJAJ-AUTO,Bajaj Auto,,EQ,
BAJAJFINSV,Bajaj Finserv,,EQ,
BAJAJHFL,,,EQ,
BAJAJHLDNG,,,EQ,
BAJFINANCE,Bajaj Finance,,EQ,
BALKRISIND,,,EQ,
BALRAMCHIN,,,EQ,
BANDHANBNK,,,EQ,
BANKBARODA,,,EQ,
BANKINDIA,,,EQ,
BASF,,,EQ,
BATAINDIA,,,EQ,
BAYERCROP,,,EQ,
BBTC,,,EQ,
BDL,,,EQ,
BEL,Bharat Electronics BEL,,EQ,
BELRISE,,,EQ,
BEML,,,EQ,
BERGEPAINT,,,EQ,
BHARATFORG,,,EQ,
BHARTIARTL,Bharti Airtel,,EQ,
BHARTIHEXA,,,EQ,
BHEL,,,EQ,
BIKAJI,,,EQ,
BIOCON,,,EQ,
BLS,,,EQ,
BLUEDART,,,EQ,
BLUEJET,,,EQ,
BLUESTARCO,,,EQ,
BOSCHLTD,,,EQ,
BPCL,,,EQ,
BRIGADE,,,EQ,
BRITANNIA,,,EQ,
BSE,,,EQ,
BSOFT,,,EQ,
CAMPUS,,,EQ,
CAMS,,,EQ,
CANBK,,,EQ,
CANFINHOME,,,EQ,
CANHLIFE,,,EQ,
CAPLIPOINT,,,EQ,
CARBORUNIV,,,EQ,
CARTRADE,,,EQ,
CASTROLIND,,,EQ,
CCL,,,EQ,
CDSL,,,EQ,
CEATLTD,,,EQ,
CEMPRO,,,EQ,
CENTRALBK,,,EQ,
CENTURYPLY,,,EQ,
CERA,,,EQ,
CESC,,,EQ,
CGCL,,,EQ,
CGPOWER,,,EQ,
CHALET,,,EQ,
CHAMBLFERT,,,EQ,
CHENNPETRO,,,EQ,
CHOICEIN,,,EQ,
CHOLAFIN,,,EQ,
CHOLAHLDNG,,,EQ,
CIPLA,Cipla,,EQ,
CLEAN,,,EQ,
COALINDIA,Coal India,,EQ,
COCHINSHIP,,,EQ,
COFORGE,,,EQ,
COHANCE,,,EQ,
COLPAL,,,EQ,
CONCOR,,,EQ,
CONCORDBIO,,,EQ,
COROMANDEL,,,EQ,
CPPLUS,,,EQ,
CRAFTSMAN,,,EQ,
CREDITACC,,,EQ,
CRISIL,,,EQ,
CROMPTON,,,EQ,
CUB,,,EQ,
CUMMINSIND,,,EQ,
CYIENT,,,EQ,
DABUR,,,EQ,
DALBHARAT,,,EQ,
DATAPATTNS,,,EQ,
DBREALTY,,,EQ,
DCMSHRIRAM,,,EQ,
DEEPAKFERT,,,EQ,
DEEPAKNTR,,,EQ,
DELHIVERY,,,EQ,
DEVYANI,,,EQ,
DIVISLAB,,,EQ,
DIXON,,,EQ,
DLF,,,EQ,
DMART,,,EQ,
DOMS,,,EQ,
DRREDDY,Dr Reddys,,EQ,
ECLERX,,,EQ,
EICHERMOT,Eicher Motors,,EQ,
EIDPARRY,,,EQ,
EIHOTEL,,,EQ,
ELECON,,,EQ,
ELGIEQUIP,,,EQ,
EMAMILTD,,,EQ,
EMCURE,,,EQ,
EMMVEE,,,EQ,
ENDURANCE,,,EQ,
ENGINERSIN,,,EQ,
ENRIN,,,EQ,
ERIS,,,EQ,
ESCORTS,,,EQ,
ETERNAL,,,EQ,
EXIDEIND,,,EQ,
FACT,,,EQ,
FEDERALBNK,,,EQ,
FINCABLES,,,EQ,
FINPIPE,,,EQ,
FIRSTCRY,,,EQ,
FIVESTAR,,,EQ,
FLUOROCHEM,,,EQ,
FORCEMOT,,,EQ,
FORTIS,,,EQ,
FSL,,,EQ,
GABRIEL,,,EQ,
GAIL,,,EQ,
GALLANTT,,,EQ,
GESHIP,,,EQ,
GICRE,,,EQ,
GILLETTE,,,EQ,
GLAND,,,EQ,
GLAXO,,,EQ,
GLENMARK,,,EQ,
GMDCLTD,,,EQ,
GMRAIRPORT,,,EQ,
GODFRYPHLP,,,EQ,
GODIGIT,,,EQ,
GODREJAGRO,,,EQ,
GODREJCP,,,EQ,
GODREJIND,,,EQ,
GODREJPROP,,,EQ,
GPIL,,,EQ,
GRANULES,,,EQ,
GRAPHITE,,,EQ,
GRASIM,Grasim Industries,,EQ,
GRAVITA,,,EQ,
GROWW,,,EQ,
GRSE,,,EQ,
GSPL,,,EQ,
GUJGASLTD,,,EQ,
GVTD,,,EQ,
HAL,,,EQ,
HAPPSTMNDS,,,EQ,
HAVELLS,,,EQ,
HBLENGINE,,,EQ,
HCLTECH,HCL Technologies,,EQ,
HDBFS,,,EQ,
HDFCAMC,,,EQ,
HDFCBANK,HDFC Bank,,EQ,
HDFCLIFE,HDFC Life,,EQ,
HEG,,,EQ,
HEROMOTOCO,,,EQ,
HEXT,,,EQ,
HFCL,,,EQ,
HINDALCO,Hindalco Industries,,EQ,
HINDCOPPER,,,EQ,
HINDPETRO,,,EQ,
HINDUNILVR,Hindustan Unilever,,EQ,
HINDZINC,,,EQ,
HOMEFIRST,,,EQ,
HONASA,,,EQ,
HONAUT,,,EQ,
HSCL,,,EQ,
HUDCO,,,EQ,
HYUNDAI,,,EQ,
ICICIAMC,,,EQ,
ICICIBANK,ICICI Bank,,EQ,
ICICIGI,,,EQ,
ICICIPRULI,,,EQ,
IDBI,,,EQ,
IDEA,,,EQ,
IDFCFIRSTB,,,EQ,
IEX,,,EQ,
IFCI,,,EQ,
IGIL,,,EQ,
IGL,,,EQ,
IIFL,,,EQ,
IKS,,,EQ,
INDGN,,,EQ,
INDHOTEL,,,EQ,
INDIACEM,,,EQ,
INDIAMART,,,EQ,
INDIANB,,,EQ,
INDIGO,IndiGo Airlines InterGlobe,,EQ,
INDUSINDBK,,,EQ,
INDUSTOWER,,,EQ,
INFY,Infosys,,EQ,
INOXINDIA,,,EQ,
INOXWIND,,,EQ,
INTELLECT,,,EQ,
IOB,,,EQ,
IOC,,,EQ,
IPCALAB,,,EQ,
IRB,,,EQ,
IRCON,,,EQ,
IRCTC,,,EQ,
IREDA,,,EQ,
IRFC,,,EQ,
ITC,ITC Limited,,EQ,
ITCHOTELS,,,EQ,
ITI,,,EQ,
JAINREC,,,EQ,
JBCHEPHARM,,,EQ,
JBMA,,,EQ,
JINDALSAW,,,EQ,
JINDALSTEL,,,EQ,
JIOFIN,Jio Financial Services,,EQ,
JKBANK,,,EQ,
JKCEMENT,,,EQ,
JKTYRE,,,EQ,
JMFINANCIL,,,EQ,
JPPOWER,,,EQ,
JSL,,,EQ,
JSWCEMENT,,,EQ,
JSWENERGY,,,EQ,
JSWINFRA,,,EQ,
JSWSTEEL,JSW Steel,,EQ,
JUBLFOOD,,,EQ,
JUBLINGREA,,,EQ,
JUBLPHARMA,,,EQ,
JWL,,,EQ,
JYOTHYLAB,,,EQ,
JYOTICNC,,,EQ,
KAJARIACER,,,EQ,
KALYANKJIL,,,EQ,
KARURVYSYA,,,EQ,
KAYNES,,,EQ,
KEC,,,EQ,
KEI,,,EQ,
KFINTECH,,,EQ,
KIMS,,,EQ,
KIRLOSBROS,,,EQ,
KIRLOSENG,,,EQ,
KOTAKBANK,Kotak Mahindra Bank,,EQ,
KPIL,,,EQ,
KPITTECH,,,EQ,
KPRMILL,,,EQ,
KSB,,,EQ,
LALPATHLAB,,,EQ,
LATENTVIEW,,,EQ,
LAURUSLABS,,,EQ,
LEMONTREE,,,EQ,
LENSKART,,,EQ,
LGEINDIA,,,EQ,
LICHSGFIN,,,EQ,
LICI,,,EQ,
LINDEINDIA,,,EQ,
LLOYDSME,,,EQ,
LODHA,,,EQ,
LT,Larsen Toubro,,EQ,
LTF,,,EQ,
LTFOODS,,,EQ,
LTIM,,,EQ,
LTM,,,EQ,
LTTS,,,EQ,
LUPIN,,,EQ,
MAHABANK,,,EQ,
MAHSCOOTER,,,EQ,
MAHSEAMLES,,,EQ,
MANAPPURAM,,,EQ,
MANKIND,,,EQ,
MANYAVAR,,,EQ,
MAPMYINDIA,,,EQ,
MARICO,,,EQ,
MARUTI,Maruti Suzuki,,EQ,
MAXHEALTH,,,EQ,
MAZDOCK,,,EQ,
MCX,,,EQ,
MEDANTA,,,EQ,
MEESHO,,,EQ,
METROPOLIS,,,EQ,
MFSL,,,EQ,
MGL,,,EQ,
MINDACORP,,,EQ,
MM,,,EQ,
MMFIN,,,EQ,
MMTC,,,EQ,
MOTHERSON,,,EQ,
MOTILALOFS,,,EQ,
MPHASIS,,,EQ,
MRF,,,EQ,
MRPL,,,EQ,
MSUMI,,,EQ,
MUTHOOTFIN,,,EQ,
NAM-INDIA,,,EQ,
NATCOPHARM,,,EQ,
NATIONALUM,,,EQ,
NAUKRI,,,EQ,
NAVA,,,EQ,
NAVINFLUOR,,,EQ,
NBCC,,,EQ,
NCC,,,EQ,
NESTLEIND,Nestle India,,EQ,
NETWEB,,,EQ,
NEULANDLAB,,,EQ,
NEWGEN,,,EQ,
NH,,,EQ,
NHPC,,,EQ,
NIACL,,,EQ,
NIVABUPA,,,EQ,
NLCINDIA,,,EQ,
NMDC,,,EQ,
NSLNISP,,,EQ,
NTPC,NTPC Limited,,EQ,
NTPCGREEN,,,EQ,
NUVAMA,,,EQ,
NUVOCO,,,EQ,
NYKAA,,,EQ,
OBEROIRLTY,,,EQ,
OFSS,,,EQ,
OIL,,,EQ,
OLAELEC,,,EQ,
OLECTRA,,,EQ,
ONESOURCE,,,EQ,
ONGC,ONGC,,EQ,
PAGEIND,,,EQ,
PARADEEP,,,EQ,
PATANJALI,,,EQ,
PAYTM,,,EQ,
PCBL,,,EQ,
PERSISTENT,,,EQ,
PETRONET,,,EQ,
PFC,,,EQ,
PFIZER,,,EQ,
PGEL,,,EQ,
PGHH,,,EQ,
PHOENIXLTD,,,EQ,
PIDILITIND,,,EQ,
PIIND,,,EQ,
PINELABS,,,EQ,
PIRAMALFIN,,,EQ,
PNB,,,EQ,
PNBHOUSING,,,EQ,
POLICYBZR,,,EQ,
POLYCAB,,,EQ,
POLYMED,,,EQ,
POONAWALLA,,,EQ,
POWERGRID,Power Grid Corporation,,EQ,
POWERINDIA,,,EQ,
PPLPHARMA,,,EQ,
PRAJIND,,,EQ,
PREMIERENE,,,EQ,
PRESTIGE,,,EQ,
PTCIL,,,EQ,
PVRINOX,,,EQ,
PWL,,,EQ,
RADICO,,,EQ,
RAILTEL,,,EQ,
RAINBOW,,,EQ,
RAMCOCEM,,,EQ,
RBLBANK,,,EQ,
RCF,,,EQ,
RECLTD,,,EQ,
REDINGTON,,,EQ,
RELIANCE,Reliance Industries,,EQ,
RHIM,,,EQ,
RITES,,,EQ,
RKFORGE,,,EQ,
RPOWER,,,EQ,
RRKABEL,,,EQ,
RVNL,,,EQ,
SAGILITY,,,EQ,
SAIL,,,EQ,
SAILIFE,,,EQ,
SAMMAANCAP,,,EQ,
SAPPHIRE,,,EQ,
SARDAEN,,,EQ,
SAREGAMA,,,EQ,
SBFC,,,EQ,
SBICARD,,,EQ,
SBILIFE,SBI Life Insurance,,EQ,
SBIN,State Bank India SBI,,EQ,
SCHAEFFLER,,,EQ,
SCHNEIDER,,,EQ,
SCI,,,EQ,
SHREECEM,,,EQ,
SHRIRAMFIN,Shriram Finance,,EQ,
SHYAMMETL,,,EQ,
SIEMENS,,,EQ,
SIGNATURE,,,EQ,
SJVN,,,EQ,
SOBHA,,,EQ,
SOLARINDS,,,EQ,
SONACOMS,,,EQ,
SONATSOFTW,,,EQ,
SPLPETRO,,,EQ,
SRF,,,EQ,
STARHEALTH,,,EQ,
SUMICHEM,,,EQ,
SUNDARMFIN,,,EQ,
SUNDRMFAST,,,EQ,
SUNPHARMA,Sun Pharma,,EQ,
SUNTV,,,EQ,
SUPREMEIND,,,EQ,
SUZLON,,,EQ,
SWANCORP,,,EQ,
SWIGGY,,,EQ,
SYNGENE,,,EQ,
SYRMA,,,EQ,
TARIL,,,EQ,
TATACAP,,,EQ,
TATACHEM,,,EQ,
TATACOMM,,,EQ,
TATACONSUM,Tata Consumer Products,,EQ,
TATAELXSI,,,EQ,
TATAINVEST,,,EQ,
TATAPOWER,,,EQ,
TATASTEEL,Tata Steel,,EQ,
TATATECH,,,EQ,
TBOTEK,,,EQ,
TCS,TCS Tata Consultancy,,EQ,
TECHM,Tech Mahindra,,EQ,
TECHNOE,,,EQ,
TEGA,,,EQ,
TEJASNET,,,EQ,
TENNIND,,,EQ,
THELEELA,,,EQ,
THERMAX,,,EQ,
TIINDIA,,,EQ,
TIMKEN,,,EQ,
TITAGARH,,,EQ,
TITAN,Titan Company,,EQ,
TMCV,,,EQ,
TMPV,,,EQ,
TORNTPHARM,,,EQ,
TORNTPOWER,,,EQ,
TRAVELFOOD,,,EQ,
TRENT,Trent Limited,,EQ,
TRIDENT,,,EQ,
TRITURBINE,,,EQ,
TRIVENI,,,EQ,
TTML,,,EQ,
TVSMOTOR,,,EQ,
UBL,,,EQ,
UCOBANK,,,EQ,
ULTRACEMCO,UltraTech Cement,,EQ,
UNIONBANK,,,EQ,
UNITDSPR,,,EQ,
UNOMINDA,,,EQ,
UPL,,,EQ,
URBANCO,,,EQ,
USHAMART,,,EQ,
UTIAMC,,,EQ,
VBL,,,EQ,
VEDL,,,EQ,
VENTIVE,,,EQ,
VGUARD,,,EQ,
VIJAYA,,,EQ,
VMM,,,EQ,
VOLTAS,,,EQ,
VTL,,,EQ,
WAAREEENER,,,EQ,
WELCORP,,,EQ,
WELSPUNLIV,,,EQ,
WHIRLPOOL,,,EQ,
WIPRO,Wipro,,EQ,
WOCKPHARMA,,,EQ,
YESBANK,,,EQ,
ZEEL,,,EQ,
ZENSARTECH,,,EQ,
ZENTEC,,,EQ,
ZFCVINDIA,,,EQ,
ZYDUSLIFE,,,EQ,
ZYDUSWELL,,,EQ,
